speciesId,speciesName,generation,evolvesFromSpecies,evolutionChain,genderRate,captureRate,baseHappiness,isBaby,hatchCounter,hasGenderDifferences,formsSwitchable,isLegendary,isMythical,order,createdAt,updatedAt
1,bulbasaur,1,,1,1,45,50,0,20,0,0,0,0,1,2021-09-29 11:07:04.04-04,2021-09-29 11:07:04.04-04
2,ivysaur,1,1,1,1,45,50,0,20,0,0,0,0,2,2021-09-29 11:07:04.04-04,2021-09-29 11:07:04.04-04
3,venusaur,1,2,1,1,45,50,0,20,1,1,0,0,3,2021-09-29 11:07:04.04-04,2021-09-29 11:07:04.04-04
4,charmander,1,,2,1,45,50,0,20,0,0,0,0,4,2021-09-29 11:07:04.04-04,2021-09-29 11:07:04.04-04
5,charmeleon,1,4,2,1,45,50,0,20,0,0,0,0,5,2021-09-29 11:07:04.04-04,2021-09-29 11:07:04.04-04
6,charizard,1,5,2,1,45,50,0,20,0,1,0,0,6,2021-09-29 11:07:04.04-04,2021-09-29 11:07:04.04-04
7,squirtle,1,,3,1,45,50,0,20,0,0,0,0,7,2021-09-29 11:07:04.04-04,2021-09-29 11:07:04.04-04
8,wartortle,1,7,3,1,45,50,0,20,0,0,0,0,8,2021-09-29 11:07:04.04-04,2021-09-29 11:07:04.04-04
9,blastoise,1,8,3,1,45,50,0,20,0,1,0,0,9,2021-09-29 11:07:04.04-04,2021-09-29 11:07:04.04-04
10,caterpie,1,,4,4,255,50,0,15,0,0,0,0,10,2021-09-29 11:07:04.04-04,2021-09-29 11:07:04.04-04
11,metapod,1,10,4,4,120,50,0,15,0,0,0,0,11,2021-09-29 11:07:04.04-04,2021-09-29 11:07:04.04-04
12,butterfree,1,11,4,4,45,50,0,15,1,0,0,0,12,2021-09-29 11:07:04.04-04,2021-09-29 11:07:04.04-04
13,weedle,1,,5,4,255,70,0,15,0,0,0,0,13,2021-09-29 11:07:04.04-04,2021-09-29 11:07:04.04-04
14,kakuna,1,13,5,4,120,70,0,15,0,0,0,0,14,2021-09-29 11:07:04.04-04,2021-09-29 11:07:04.04-04
15,beedrill,1,14,5,4,45,70,0,15,0,1,0,0,15,2021-09-29 11:07:04.04-04,2021-09-29 11:07:04.04-04
16,pidgey,1,,6,4,255,70,0,15,0,0,0,0,16,2021-09-29 11:07:04.04-04,2021-09-29 11:07:04.04-04
17,pidgeotto,1,16,6,4,120,70,0,15,0,0,0,0,17,2021-09-29 11:07:04.04-04,2021-09-29 11:07:04.04-04
18,pidgeot,1,17,6,4,45,70,0,15,0,1,0,0,18,2021-09-29 11:07:04.04-04,2021-09-29 11:07:04.04-04
19,rattata,1,,7,4,255,70,0,15,1,0,0,0,19,2021-09-29 11:07:04.04-04,2021-09-29 11:07:04.04-04
20,raticate,1,19,7,4,127,70,0,15,1,0,0,0,20,2021-09-29 11:07:04.04-04,2021-09-29 11:07:04.04-04
21,spearow,1,,8,4,255,70,0,15,0,0,0,0,21,2021-09-29 11:07:04.04-04,2021-09-29 11:07:04.04-04
22,fearow,1,21,8,4,90,70,0,15,0,0,0,0,22,2021-09-29 11:07:04.04-04,2021-09-29 11:07:04.04-04
23,ekans,1,,9,4,255,70,0,20,0,0,0,0,23,2021-09-29 11:07:04.04-04,2021-09-29 11:07:04.04-04
24,arbok,1,23,9,4,90,70,0,20,0,0,0,0,24,2021-09-29 11:07:04.04-04,2021-09-29 11:07:04.04-04
25,pikachu,1,172,10,4,190,50,0,10,1,0,0,0,26,2021-09-29 11:07:04.04-04,2021-09-29 11:07:04.04-04
26,raichu,1,25,10,4,75,50,0,10,1,0,0,0,27,2021-09-29 11:07:04.04-04,2021-09-29 11:07:04.04-04
27,sandshrew,1,,11,4,255,50,0,20,0,0,0,0,28,2021-09-29 11:07:04.04-04,2021-09-29 11:07:04.04-04
28,sandslash,1,27,11,4,90,50,0,20,0,0,0,0,29,2021-09-29 11:07:04.04-04,2021-09-29 11:07:04.04-04
29,nidoran-f,1,,12,8,235,50,0,20,0,0,0,0,30,2021-09-29 11:07:04.04-04,2021-09-29 11:07:04.04-04
30,nidorina,1,29,12,8,120,50,0,20,0,0,0,0,31,2021-09-29 11:07:04.04-04,2021-09-29 11:07:04.04-04
31,nidoqueen,1,30,12,8,45,50,0,20,0,0,0,0,32,2021-09-29 11:07:04.04-04,2021-09-29 11:07:04.04-04
32,nidoran-m,1,,13,0,235,50,0,20,0,0,0,0,33,2021-09-29 11:07:04.04-04,2021-09-29 11:07:04.04-04
33,nidorino,1,32,13,0,120,50,0,20,0,0,0,0,34,2021-09-29 11:07:04.04-04,2021-09-29 11:07:04.04-04
34,nidoking,1,33,13,0,45,50,0,20,0,0,0,0,35,2021-09-29 11:07:04.04-04,2021-09-29 11:07:04.04-04
35,clefairy,1,173,14,6,150,140,0,10,0,0,0,0,37,2021-09-29 11:07:04.04-04,2021-09-29 11:07:04.04-04
36,clefable,1,35,14,6,25,140,0,10,0,0,0,0,38,2021-09-29 11:07:04.04-04,2021-09-29 11:07:04.04-04
37,vulpix,1,,15,6,190,50,0,20,0,0,0,0,39,2021-09-29 11:07:04.04-04,2021-09-29 11:07:04.04-04
38,ninetales,1,37,15,6,75,50,0,20,0,0,0,0,40,2021-09-29 11:07:04.04-04,2021-09-29 11:07:04.04-04
39,jigglypuff,1,174,16,6,170,50,0,10,0,0,0,0,42,2021-09-29 11:07:04.04-04,2021-09-29 11:07:04.04-04
40,wigglytuff,1,39,16,6,50,50,0,10,0,0,0,0,43,2021-09-29 11:07:04.04-04,2021-09-29 11:07:04.04-04
41,zubat,1,,17,4,255,50,0,15,1,0,0,0,44,2021-09-29 11:07:04.04-04,2021-09-29 11:07:04.04-04
42,golbat,1,41,17,4,90,50,0,15,1,0,0,0,45,2021-09-29 11:07:04.04-04,2021-09-29 11:07:04.04-04
43,oddish,1,,18,4,255,50,0,20,0,0,0,0,47,2021-09-29 11:07:04.04-04,2021-09-29 11:07:04.04-04
44,gloom,1,43,18,4,120,50,0,20,1,0,0,0,48,2021-09-29 11:07:04.04-04,2021-09-29 11:07:04.04-04
45,vileplume,1,44,18,4,45,50,0,20,1,0,0,0,49,2021-09-29 11:07:04.04-04,2021-09-29 11:07:04.04-04
46,paras,1,,19,4,190,70,0,20,0,0,0,0,51,2021-09-29 11:07:04.04-04,2021-09-29 11:07:04.04-04
47,parasect,1,46,19,4,75,70,0,20,0,0,0,0,52,2021-09-29 11:07:04.04-04,2021-09-29 11:07:04.04-04
48,venonat,1,,20,4,190,70,0,20,0,0,0,0,53,2021-09-29 11:07:04.04-04,2021-09-29 11:07:04.04-04
49,venomoth,1,48,20,4,75,70,0,20,0,0,0,0,54,2021-09-29 11:07:04.04-04,2021-09-29 11:07:04.04-04
50,diglett,1,,21,4,255,50,0,20,0,0,0,0,55,2021-09-29 11:07:04.04-04,2021-09-29 11:07:04.04-04
51,dugtrio,1,50,21,4,50,50,0,20,0,0,0,0,56,2021-09-29 11:07:04.04-04,2021-09-29 11:07:04.04-04
52,meowth,1,,22,4,255,50,0,20,0,0,0,0,57,2021-09-29 11:07:04.04-04,2021-09-29 11:07:04.04-04
53,persian,1,52,22,4,90,50,0,20,0,0,0,0,58,2021-09-29 11:07:04.04-04,2021-09-29 11:07:04.04-04
54,psyduck,1,,23,4,190,50,0,20,0,0,0,0,59,2021-09-29 11:07:04.04-04,2021-09-29 11:07:04.04-04
55,golduck,1,54,23,4,75,50,0,20,0,0,0,0,60,2021-09-29 11:07:04.04-04,2021-09-29 11:07:04.04-04
56,mankey,1,,24,4,190,70,0,20,0,0,0,0,61,2021-09-29 11:07:04.04-04,2021-09-29 11:07:04.04-04
57,primeape,1,56,24,4,75,70,0,20,0,0,0,0,62,2021-09-29 11:07:04.04-04,2021-09-29 11:07:04.04-04
58,growlithe,1,,25,2,190,50,0,20,0,0,0,0,63,2021-09-29 11:07:04.04-04,2021-09-29 11:07:04.04-04
59,arcanine,1,58,25,2,75,50,0,20,0,0,0,0,64,2021-09-29 11:07:04.04-04,2021-09-29 11:07:04.04-04
60,poliwag,1,,26,4,255,50,0,20,0,0,0,0,65,2021-09-29 11:07:04.04-04,2021-09-29 11:07:04.04-04
61,poliwhirl,1,60,26,4,120,50,0,20,0,0,0,0,66,2021-09-29 11:07:04.04-04,2021-09-29 11:07:04.04-04
62,poliwrath,1,61,26,4,45,50,0,20,0,0,0,0,67,2021-09-29 11:07:04.04-04,2021-09-29 11:07:04.04-04
63,abra,1,,27,2,200,50,0,20,0,0,0,0,69,2021-09-29 11:07:04.04-04,2021-09-29 11:07:04.04-04
64,kadabra,1,63,27,2,100,50,0,20,1,0,0,0,70,2021-09-29 11:07:04.04-04,2021-09-29 11:07:04.04-04
65,alakazam,1,64,27,2,50,50,0,20,1,1,0,0,71,2021-09-29 11:07:04.04-04,2021-09-29 11:07:04.04-04
66,machop,1,,28,2,180,50,0,20,0,0,0,0,72,2021-09-29 11:07:04.04-04,2021-09-29 11:07:04.04-04
67,machoke,1,66,28,2,90,50,0,20,0,0,0,0,73,2021-09-29 11:07:04.04-04,2021-09-29 11:07:04.04-04
68,machamp,1,67,28,2,45,50,0,20,0,0,0,0,74,2021-09-29 11:07:04.04-04,2021-09-29 11:07:04.04-04
69,bellsprout,1,,29,4,255,70,0,20,0,0,0,0,75,2021-09-29 11:07:04.04-04,2021-09-29 11:07:04.04-04
70,weepinbell,1,69,29,4,120,70,0,20,0,0,0,0,76,2021-09-29 11:07:04.04-04,2021-09-29 11:07:04.04-04
71,victreebel,1,70,29,4,45,70,0,20,0,0,0,0,77,2021-09-29 11:07:04.04-04,2021-09-29 11:07:04.04-04
72,tentacool,1,,30,4,190,50,0,20,0,0,0,0,78,2021-09-29 11:07:04.04-04,2021-09-29 11:07:04.04-04
73,tentacruel,1,72,30,4,60,50,0,20,0,0,0,0,79,2021-09-29 11:07:04.04-04,2021-09-29 11:07:04.04-04
74,geodude,1,,31,4,255,70,0,15,0,0,0,0,80,2021-09-29 11:07:04.04-04,2021-09-29 11:07:04.04-04
75,graveler,1,74,31,4,120,70,0,15,0,0,0,0,81,2021-09-29 11:07:04.04-04,2021-09-29 11:07:04.04-04
76,golem,1,75,31,4,45,70,0,15,0,0,0,0,82,2021-09-29 11:07:04.04-04,2021-09-29 11:07:04.04-04
77,ponyta,1,,32,4,190,50,0,20,0,0,0,0,83,2021-09-29 11:07:04.04-04,2021-09-29 11:07:04.04-04
78,rapidash,1,77,32,4,60,50,0,20,0,0,0,0,84,2021-09-29 11:07:04.04-04,2021-09-29 11:07:04.04-04
79,slowpoke,1,,33,4,190,50,0,20,0,0,0,0,85,2021-09-29 11:07:04.04-04,2021-09-29 11:07:04.04-04
80,slowbro,1,79,33,4,75,50,0,20,0,1,0,0,86,2021-09-29 11:07:04.04-04,2021-09-29 11:07:04.04-04
81,magnemite,1,,34,-1,190,50,0,20,0,0,0,0,88,2021-09-29 11:07:04.04-04,2021-09-29 11:07:04.04-04
82,magneton,1,81,34,-1,60,50,0,20,0,0,0,0,89,2021-09-29 11:07:04.04-04,2021-09-29 11:07:04.04-04
83,farfetchd,1,,35,4,45,50,0,20,0,0,0,0,91,2021-09-29 11:07:04.04-04,2021-09-29 11:07:04.04-04
84,doduo,1,,36,4,190,70,0,20,1,0,0,0,92,2021-09-29 11:07:04.04-04,2021-09-29 11:07:04.04-04
85,dodrio,1,84,36,4,45,70,0,20,1,0,0,0,93,2021-09-29 11:07:04.04-04,2021-09-29 11:07:04.04-04
86,seel,1,,37,4,190,70,0,20,0,0,0,0,94,2021-09-29 11:07:04.04-04,2021-09-29 11:07:04.04-04
87,dewgong,1,86,37,4,75,70,0,20,0,0,0,0,95,2021-09-29 11:07:04.04-04,2021-09-29 11:07:04.04-04
88,grimer,1,,38,4,190,70,0,20,0,0,0,0,96,2021-09-29 11:07:04.04-04,2021-09-29 11:07:04.04-04
89,muk,1,88,38,4,75,70,0,20,0,0,0,0,97,2021-09-29 11:07:04.04-04,2021-09-29 11:07:04.04-04
90,shellder,1,,39,4,190,50,0,20,0,0,0,0,98,2021-09-29 11:07:04.04-04,2021-09-29 11:07:04.04-04
91,cloyster,1,90,39,4,60,50,0,20,0,0,0,0,99,2021-09-29 11:07:04.04-04,2021-09-29 11:07:04.04-04
92,gastly,1,,40,4,190,50,0,20,0,0,0,0,100,2021-09-29 11:07:04.04-04,2021-09-29 11:07:04.04-04
93,haunter,1,92,40,4,90,50,0,20,0,0,0,0,101,2021-09-29 11:07:04.04-04,2021-09-29 11:07:04.04-04
94,gengar,1,93,40,4,45,50,0,20,0,1,0,0,102,2021-09-29 11:07:04.04-04,2021-09-29 11:07:04.04-04
95,onix,1,,41,4,45,50,0,25,0,0,0,0,103,2021-09-29 11:07:04.04-04,2021-09-29 11:07:04.04-04
96,drowzee,1,,42,4,190,70,0,20,0,0,0,0,105,2021-09-29 11:07:04.04-04,2021-09-29 11:07:04.04-04
97,hypno,1,96,42,4,75,70,0,20,1,0,0,0,106,2021-09-29 11:07:04.04-04,2021-09-29 11:07:04.04-04
98,krabby,1,,43,4,225,50,0,20,0,0,0,0,107,2021-09-29 11:07:04.04-04,2021-09-29 11:07:04.04-04
99,kingler,1,98,43,4,60,50,0,20,0,0,0,0,108,2021-09-29 11:07:04.04-04,2021-09-29 11:07:04.04-04
100,voltorb,1,,44,-1,190,70,0,20,0,0,0,0,109,2021-09-29 11:07:04.04-04,2021-09-29 11:07:04.04-04
101,electrode,1,100,44,-1,60,70,0,20,0,0,0,0,110,2021-09-29 11:07:04.04-04,2021-09-29 11:07:04.04-04
102,exeggcute,1,,45,4,90,50,0,20,0,0,0,0,111,2021-09-29 11:07:04.04-04,2021-09-29 11:07:04.04-04
103,exeggutor,1,102,45,4,45,50,0,20,0,0,0,0,112,2021-09-29 11:07:04.04-04,2021-09-29 11:07:04.04-04
104,cubone,1,,46,4,190,50,0,20,0,0,0,0,113,2021-09-29 11:07:04.04-04,2021-09-29 11:07:04.04-04
105,marowak,1,104,46,4,75,50,0,20,0,0,0,0,114,2021-09-29 11:07:04.04-04,2021-09-29 11:07:04.04-04
106,hitmonlee,1,236,47,0,45,50,0,25,0,0,0,0,116,2021-09-29 11:07:04.04-04,2021-09-29 11:07:04.04-04
107,hitmonchan,1,236,47,0,45,50,0,25,0,0,0,0,117,2021-09-29 11:07:04.04-04,2021-09-29 11:07:04.04-04
108,lickitung,1,,48,4,45,50,0,20,0,0,0,0,119,2021-09-29 11:07:04.04-04,2021-09-29 11:07:04.04-04
109,koffing,1,,49,4,190,50,0,20,0,0,0,0,121,2021-09-29 11:07:04.04-04,2021-09-29 11:07:04.04-04
110,weezing,1,109,49,4,60,50,0,20,0,0,0,0,122,2021-09-29 11:07:04.04-04,2021-09-29 11:07:04.04-04
111,rhyhorn,1,,50,4,120,50,0,20,1,0,0,0,123,2021-09-29 11:07:04.04-04,2021-09-29 11:07:04.04-04
112,rhydon,1,111,50,4,60,50,0,20,1,0,0,0,124,2021-09-29 11:07:04.04-04,2021-09-29 11:07:04.04-04
113,chansey,1,440,51,8,30,140,0,40,0,0,0,0,127,2021-09-29 11:07:04.04-04,2021-09-29 11:07:04.04-04
114,tangela,1,,52,4,45,50,0,20,0,0,0,0,129,2021-09-29 11:07:04.04-04,2021-09-29 11:07:04.04-04
115,kangaskhan,1,,53,8,45,50,0,20,0,1,0,0,131,2021-09-29 11:07:04.04-04,2021-09-29 11:07:04.04-04
116,horsea,1,,54,4,225,50,0,20,0,0,0,0,132,2021-09-29 11:07:04.04-04,2021-09-29 11:07:04.04-04
117,seadra,1,116,54,4,75,50,0,20,0,0,0,0,133,2021-09-29 11:07:04.04-04,2021-09-29 11:07:04.04-04
118,goldeen,1,,55,4,225,50,0,20,1,0,0,0,135,2021-09-29 11:07:04.04-04,2021-09-29 11:07:04.04-04
119,seaking,1,118,55,4,60,50,0,20,1,0,0,0,136,2021-09-29 11:07:04.04-04,2021-09-29 11:07:04.04-04
120,staryu,1,,56,-1,225,50,0,20,0,0,0,0,137,2021-09-29 11:07:04.04-04,2021-09-29 11:07:04.04-04
121,starmie,1,120,56,-1,60,50,0,20,0,0,0,0,138,2021-09-29 11:07:04.04-04,2021-09-29 11:07:04.04-04
122,mr-mime,1,439,57,4,45,50,0,25,0,0,0,0,140,2021-09-29 11:07:04.04-04,2021-09-29 11:07:04.04-04
123,scyther,1,,58,4,45,50,0,25,1,0,0,0,141,2021-09-29 11:07:04.04-04,2021-09-29 11:07:04.04-04
124,jynx,1,238,59,8,45,50,0,25,0,0,0,0,144,2021-09-29 11:07:04.04-04,2021-09-29 11:07:04.04-04
125,electabuzz,1,239,60,2,45,50,0,25,0,0,0,0,146,2021-09-29 11:07:04.04-04,2021-09-29 11:07:04.04-04
126,magmar,1,240,61,2,45,50,0,25,0,0,0,0,149,2021-09-29 11:07:04.04-04,2021-09-29 11:07:04.04-04
127,pinsir,1,,62,4,45,50,0,25,0,1,0,0,151,2021-09-29 11:07:04.04-04,2021-09-29 11:07:04.04-04
128,tauros,1,,63,0,45,50,0,20,0,0,0,0,152,2021-09-29 11:07:04.04-04,2021-09-29 11:07:04.04-04
129,magikarp,1,,64,4,255,50,0,5,1,0,0,0,153,2021-09-29 11:07:04.04-04,2021-09-29 11:07:04.04-04
130,gyarados,1,129,64,4,45,50,0,5,1,1,0,0,154,2021-09-29 11:07:04.04-04,2021-09-29 11:07:04.04-04
131,lapras,1,,65,4,45,50,0,40,0,0,0,0,155,2021-09-29 11:07:04.04-04,2021-09-29 11:07:04.04-04
132,ditto,1,,66,-1,35,50,0,20,0,0,0,0,156,2021-09-29 11:07:04.04-04,2021-09-29 11:07:04.04-04
133,eevee,1,,67,1,45,50,0,35,0,0,0,0,157,2021-09-29 11:07:04.04-04,2021-09-29 11:07:04.04-04
134,vaporeon,1,133,67,1,45,50,0,35,0,0,0,0,158,2021-09-29 11:07:04.04-04,2021-09-29 11:07:04.04-04
135,jolteon,1,133,67,1,45,50,0,35,0,0,0,0,159,2021-09-29 11:07:04.04-04,2021-09-29 11:07:04.04-04
136,flareon,1,133,67,1,45,50,0,35,0,0,0,0,160,2021-09-29 11:07:04.04-04,2021-09-29 11:07:04.04-04
137,porygon,1,,68,-1,45,50,0,20,0,0,0,0,166,2021-09-29 11:07:04.04-04,2021-09-29 11:07:04.04-04
138,omanyte,1,,69,1,45,50,0,30,0,0,0,0,169,2021-09-29 11:07:04.04-04,2021-09-29 11:07:04.04-04
139,omastar,1,138,69,1,45,50,0,30,0,0,0,0,170,2021-09-29 11:07:04.04-04,2021-09-29 11:07:04.04-04
140,kabuto,1,,70,1,45,50,0,30,0,0,0,0,171,2021-09-29 11:07:04.04-04,2021-09-29 11:07:04.04-04
141,kabutops,1,140,70,1,45,50,0,30,0,0,0,0,172,2021-09-29 11:07:04.04-04,2021-09-29 11:07:04.04-04
142,aerodactyl,1,,71,1,45,50,0,35,0,1,0,0,173,2021-09-29 11:07:04.04-04,2021-09-29 11:07:04.04-04
143,snorlax,1,446,72,1,25,50,0,40,0,0,0,0,175,2021-09-29 11:07:04.04-04,2021-09-29 11:07:04.04-04
144,articuno,1,,73,-1,3,35,0,80,0,0,1,0,176,2021-09-29 11:07:04.04-04,2021-09-29 11:07:04.04-04
145,zapdos,1,,74,-1,3,35,0,80,0,0,1,0,177,2021-09-29 11:07:04.04-04,2021-09-29 11:07:04.04-04
146,moltres,1,,75,-1,3,35,0,80,0,0,1,0,178,2021-09-29 11:07:04.04-04,2021-09-29 11:07:04.04-04
147,dratini,1,,76,4,45,35,0,40,0,0,0,0,179,2021-09-29 11:07:04.04-04,2021-09-29 11:07:04.04-04
148,dragonair,1,147,76,4,45,35,0,40,0,0,0,0,180,2021-09-29 11:07:04.04-04,2021-09-29 11:07:04.04-04
149,dragonite,1,148,76,4,45,35,0,40,0,0,0,0,181,2021-09-29 11:07:04.04-04,2021-09-29 11:07:04.04-04
150,mewtwo,1,,77,-1,3,0,0,120,0,1,1,0,182,2021-09-29 11:07:04.04-04,2021-09-29 11:07:04.04-04
151,mew,1,,78,-1,45,100,0,120,0,0,0,1,183,2021-09-29 11:07:04.04-04,2021-09-29 11:07:04.04-04
152,chikorita,2,,79,1,45,70,0,20,0,0,0,0,184,2021-09-29 11:07:04.04-04,2021-09-29 11:07:04.04-04
153,bayleef,2,152,79,1,45,70,0,20,0,0,0,0,185,2021-09-29 11:07:04.04-04,2021-09-29 11:07:04.04-04
154,meganium,2,153,79,1,45,70,0,20,1,0,0,0,186,2021-09-29 11:07:04.04-04,2021-09-29 11:07:04.04-04
155,cyndaquil,2,,80,1,45,70,0,20,0,0,0,0,187,2021-09-29 11:07:04.04-04,2021-09-29 11:07:04.04-04
156,quilava,2,155,80,1,45,70,0,20,0,0,0,0,188,2021-09-29 11:07:04.04-04,2021-09-29 11:07:04.04-04
157,typhlosion,2,156,80,1,45,70,0,20,0,0,0,0,189,2021-09-29 11:07:04.04-04,2021-09-29 11:07:04.04-04
158,totodile,2,,81,1,45,70,0,20,0,0,0,0,190,2021-09-29 11:07:04.04-04,2021-09-29 11:07:04.04-04
159,croconaw,2,158,81,1,45,70,0,20,0,0,0,0,191,2021-09-29 11:07:04.04-04,2021-09-29 11:07:04.04-04
160,feraligatr,2,159,81,1,45,70,0,20,0,0,0,0,192,2021-09-29 11:07:04.04-04,2021-09-29 11:07:04.04-04
161,sentret,2,,82,4,255,70,0,15,0,0,0,0,193,2021-09-29 11:07:04.04-04,2021-09-29 11:07:04.04-04
162,furret,2,161,82,4,90,70,0,15,0,0,0,0,194,2021-09-29 11:07:04.04-04,2021-09-29 11:07:04.04-04
163,hoothoot,2,,83,4,255,50,0,15,0,0,0,0,195,2021-09-29 11:07:04.04-04,2021-09-29 11:07:04.04-04
164,noctowl,2,163,83,4,90,50,0,15,0,0,0,0,196,2021-09-29 11:07:04.04-04,2021-09-29 11:07:04.04-04
165,ledyba,2,,84,4,255,70,0,15,1,0,0,0,197,2021-09-29 11:07:04.04-04,2021-09-29 11:07:04.04-04
166,ledian,2,165,84,4,90,70,0,15,1,0,0,0,198,2021-09-29 11:07:04.04-04,2021-09-29 11:07:04.04-04
167,spinarak,2,,85,4,255,70,0,15,0,0,0,0,199,2021-09-29 11:07:04.04-04,2021-09-29 11:07:04.04-04
168,ariados,2,167,85,4,90,70,0,15,0,0,0,0,200,2021-09-29 11:07:04.04-04,2021-09-29 11:07:04.04-04
169,crobat,2,42,17,4,90,50,0,15,0,0,0,0,46,2021-09-29 11:07:04.04-04,2021-09-29 11:07:04.04-04
170,chinchou,2,,86,4,190,50,0,20,0,0,0,0,201,2021-09-29 11:07:04.04-04,2021-09-29 11:07:04.04-04
171,lanturn,2,170,86,4,75,50,0,20,0,0,0,0,202,2021-09-29 11:07:04.04-04,2021-09-29 11:07:04.04-04
172,pichu,2,,10,4,190,50,1,10,0,0,0,0,25,2021-09-29 11:07:04.04-04,2021-09-29 11:07:04.04-04
173,cleffa,2,,14,6,150,140,1,10,0,0,0,0,36,2021-09-29 11:07:04.04-04,2021-09-29 11:07:04.04-04
174,igglybuff,2,,16,6,170,50,1,10,0,0,0,0,41,2021-09-29 11:07:04.04-04,2021-09-29 11:07:04.04-04
175,togepi,2,,87,1,190,50,1,10,0,0,0,0,203,2021-09-29 11:07:04.04-04,2021-09-29 11:07:04.04-04
176,togetic,2,175,87,1,75,50,0,10,0,0,0,0,204,2021-09-29 11:07:04.04-04,2021-09-29 11:07:04.04-04
177,natu,2,,88,4,190,50,0,20,0,0,0,0,206,2021-09-29 11:07:04.04-04,2021-09-29 11:07:04.04-04
178,xatu,2,177,88,4,75,50,0,20,1,0,0,0,207,2021-09-29 11:07:04.04-04,2021-09-29 11:07:04.04-04
179,mareep,2,,89,4,235,70,0,20,0,0,0,0,208,2021-09-29 11:07:04.04-04,2021-09-29 11:07:04.04-04
180,flaaffy,2,179,89,4,120,70,0,20,0,0,0,0,209,2021-09-29 11:07:04.04-04,2021-09-29 11:07:04.04-04
181,ampharos,2,180,89,4,45,70,0,20,0,1,0,0,210,2021-09-29 11:07:04.04-04,2021-09-29 11:07:04.04-04
182,bellossom,2,44,18,4,45,50,0,20,0,0,0,0,50,2021-09-29 11:07:04.04-04,2021-09-29 11:07:04.04-04
183,marill,2,298,90,4,190,50,0,10,0,0,0,0,212,2021-09-29 11:07:04.04-04,2021-09-29 11:07:04.04-04
184,azumarill,2,183,90,4,75,50,0,10,0,0,0,0,213,2021-09-29 11:07:04.04-04,2021-09-29 11:07:04.04-04
185,sudowoodo,2,438,91,4,65,50,0,20,1,0,0,0,215,2021-09-29 11:07:04.04-04,2021-09-29 11:07:04.04-04
186,politoed,2,61,26,4,45,50,0,20,1,0,0,0,68,2021-09-29 11:07:04.04-04,2021-09-29 11:07:04.04-04
187,hoppip,2,,92,4,255,70,0,20,0,0,0,0,216,2021-09-29 11:07:04.04-04,2021-09-29 11:07:04.04-04
188,skiploom,2,187,92,4,120,70,0,20,0,0,0,0,217,2021-09-29 11:07:04.04-04,2021-09-29 11:07:04.04-04
189,jumpluff,2,188,92,4,45,70,0,20,0,0,0,0,218,2021-09-29 11:07:04.04-04,2021-09-29 11:07:04.04-04
190,aipom,2,,93,4,45,70,0,20,1,0,0,0,219,2021-09-29 11:07:04.04-04,2021-09-29 11:07:04.04-04
191,sunkern,2,,94,4,235,70,0,20,0,0,0,0,221,2021-09-29 11:07:04.04-04,2021-09-29 11:07:04.04-04
192,sunflora,2,191,94,4,120,70,0,20,0,0,0,0,222,2021-09-29 11:07:04.04-04,2021-09-29 11:07:04.04-04
193,yanma,2,,95,4,75,70,0,20,0,0,0,0,223,2021-09-29 11:07:04.04-04,2021-09-29 11:07:04.04-04
194,wooper,2,,96,4,255,50,0,20,1,0,0,0,225,2021-09-29 11:07:04.04-04,2021-09-29 11:07:04.04-04
195,quagsire,2,194,96,4,90,50,0,20,1,0,0,0,226,2021-09-29 11:07:04.04-04,2021-09-29 11:07:04.04-04
196,espeon,2,133,67,1,45,50,0,35,0,0,0,0,161,2021-09-29 11:07:04.04-04,2021-09-29 11:07:04.04-04
197,umbreon,2,133,67,1,45,35,0,35,0,0,0,0,162,2021-09-29 11:07:04.04-04,2021-09-29 11:07:04.04-04
198,murkrow,2,,97,4,30,35,0,20,1,0,0,0,227,2021-09-29 11:07:04.04-04,2021-09-29 11:07:04.04-04
199,slowking,2,79,33,4,70,50,0,20,0,0,0,0,87,2021-09-29 11:07:04.04-04,2021-09-29 11:07:04.04-04
200,misdreavus,2,,98,4,45,35,0,25,0,0,0,0,229,2021-09-29 11:07:04.04-04,2021-09-29 11:07:04.04-04
201,unown,2,,99,-1,225,70,0,40,0,0,0,0,231,2021-09-29 11:07:04.04-04,2021-09-29 11:07:04.04-04
202,wobbuffet,2,360,100,4,45,50,0,20,1,0,0,0,233,2021-09-29 11:07:04.04-04,2021-09-29 11:07:04.04-04
203,girafarig,2,,101,4,60,70,0,20,1,0,0,0,234,2021-09-29 11:07:04.04-04,2021-09-29 11:07:04.04-04
204,pineco,2,,102,4,190,70,0,20,0,0,0,0,235,2021-09-29 11:07:04.04-04,2021-09-29 11:07:04.04-04
205,forretress,2,204,102,4,75,70,0,20,0,0,0,0,236,2021-09-29 11:07:04.04-04,2021-09-29 11:07:04.04-04
206,dunsparce,2,,103,4,190,50,0,20,0,0,0,0,237,2021-09-29 11:07:04.04-04,2021-09-29 11:07:04.04-04
207,gligar,2,,104,4,60,70,0,20,1,0,0,0,238,2021-09-29 11:07:04.04-04,2021-09-29 11:07:04.04-04
208,steelix,2,95,41,4,25,50,0,25,1,1,0,0,104,2021-09-29 11:07:04.04-04,2021-09-29 11:07:04.04-04
209,snubbull,2,,105,6,190,70,0,20,0,0,0,0,240,2021-09-29 11:07:04.04-04,2021-09-29 11:07:04.04-04
210,granbull,2,209,105,6,75,70,0,20,0,0,0,0,241,2021-09-29 11:07:04.04-04,2021-09-29 11:07:04.04-04
211,qwilfish,2,,106,4,45,50,0,20,0,0,0,0,242,2021-09-29 11:07:04.04-04,2021-09-29 11:07:04.04-04
212,scizor,2,123,58,4,25,50,0,25,1,1,0,0,142,2021-09-29 11:07:04.04-04,2021-09-29 11:07:04.04-04
213,shuckle,2,,107,4,190,50,0,20,0,0,0,0,243,2021-09-29 11:07:04.04-04,2021-09-29 11:07:04.04-04
214,heracross,2,,108,4,45,50,0,25,1,1,0,0,244,2021-09-29 11:07:04.04-04,2021-09-29 11:07:04.04-04
215,sneasel,2,,109,4,60,35,0,20,1,0,0,0,245,2021-09-29 11:07:04.04-04,2021-09-29 11:07:04.04-04
216,teddiursa,2,,110,4,120,70,0,20,0,0,0,0,247,2021-09-29 11:07:04.04-04,2021-09-29 11:07:04.04-04
217,ursaring,2,216,110,4,60,70,0,20,1,0,0,0,248,2021-09-29 11:07:04.04-04,2021-09-29 11:07:04.04-04
218,slugma,2,,111,4,190,70,0,20,0,0,0,0,249,2021-09-29 11:07:04.04-04,2021-09-29 11:07:04.04-04
219,magcargo,2,218,111,4,75,70,0,20,0,0,0,0,250,2021-09-29 11:07:04.04-04,2021-09-29 11:07:04.04-04
220,swinub,2,,112,4,225,50,0,20,0,0,0,0,251,2021-09-29 11:07:04.04-04,2021-09-29 11:07:04.04-04
221,piloswine,2,220,112,4,75,50,0,20,1,0,0,0,252,2021-09-29 11:07:04.04-04,2021-09-29 11:07:04.04-04
222,corsola,2,,113,6,60,50,0,20,0,0,0,0,254,2021-09-29 11:07:04.04-04,2021-09-29 11:07:04.04-04
223,remoraid,2,,114,4,190,50,0,20,0,0,0,0,255,2021-09-29 11:07:04.04-04,2021-09-29 11:07:04.04-04
224,octillery,2,223,114,4,75,50,0,20,1,0,0,0,256,2021-09-29 11:07:04.04-04,2021-09-29 11:07:04.04-04
225,delibird,2,,115,4,45,50,0,20,0,0,0,0,257,2021-09-29 11:07:04.04-04,2021-09-29 11:07:04.04-04
226,mantine,2,458,116,4,25,50,0,25,0,0,0,0,259,2021-09-29 11:07:04.04-04,2021-09-29 11:07:04.04-04
227,skarmory,2,,117,4,25,50,0,25,0,0,0,0,260,2021-09-29 11:07:04.04-04,2021-09-29 11:07:04.04-04
228,houndour,2,,118,4,120,35,0,20,0,0,0,0,261,2021-09-29 11:07:04.04-04,2021-09-29 11:07:04.04-04
229,houndoom,2,228,118,4,45,35,0,20,1,1,0,0,262,2021-09-29 11:07:04.04-04,2021-09-29 11:07:04.04-04
230,kingdra,2,117,54,4,45,50,0,20,0,0,0,0,134,2021-09-29 11:07:04.04-04,2021-09-29 11:07:04.04-04
231,phanpy,2,,119,4,120,70,0,20,0,0,0,0,263,2021-09-29 11:07:04.04-04,2021-09-29 11:07:04.04-04
232,donphan,2,231,119,4,60,70,0,20,1,0,0,0,264,2021-09-29 11:07:04.04-04,2021-09-29 11:07:04.04-04
233,porygon2,2,137,68,-1,45,50,0,20,0,0,0,0,167,2021-09-29 11:07:04.04-04,2021-09-29 11:07:04.04-04
234,stantler,2,,120,4,45,70,0,20,0,0,0,0,265,2021-09-29 11:07:04.04-04,2021-09-29 11:07:04.04-04
235,smeargle,2,,121,4,45,70,0,20,0,0,0,0,266,2021-09-29 11:07:04.04-04,2021-09-29 11:07:04.04-04
236,tyrogue,2,,47,0,75,50,1,25,0,0,0,0,115,2021-09-29 11:07:04.04-04,2021-09-29 11:07:04.04-04
237,hitmontop,2,236,47,0,45,50,0,25,0,0,0,0,118,2021-09-29 11:07:04.04-04,2021-09-29 11:07:04.04-04
238,smoochum,2,,59,8,45,50,1,25,0,0,0,0,143,2021-09-29 11:07:04.04-04,2021-09-29 11:07:04.04-04
239,elekid,2,,60,2,45,50,1,25,0,0,0,0,145,2021-09-29 11:07:04.04-04,2021-09-29 11:07:04.04-04
240,magby,2,,61,2,45,50,1,25,0,0,0,0,148,2021-09-29 11:07:04.04-04,2021-09-29 11:07:04.04-04
241,miltank,2,,122,8,45,50,0,20,0,0,0,0,267,2021-09-29 11:07:04.04-04,2021-09-29 11:07:04.04-04
242,blissey,2,113,51,8,30,140,0,40,0,0,0,0,128,2021-09-29 11:07:04.04-04,2021-09-29 11:07:04.04-04
243,raikou,2,,123,-1,3,35,0,80,0,0,1,0,268,2021-09-29 11:07:04.04-04,2021-09-29 11:07:04.04-04
244,entei,2,,124,-1,3,35,0,80,0,0,1,0,269,2021-09-29 11:07:04.04-04,2021-09-29 11:07:04.04-04
245,suicune,2,,125,-1,3,35,0,80,0,0,1,0,270,2021-09-29 11:07:04.04-04,2021-09-29 11:07:04.04-04
246,larvitar,2,,126,4,45,35,0,40,0,0,0,0,271,2021-09-29 11:07:04.04-04,2021-09-29 11:07:04.04-04
247,pupitar,2,246,126,4,45,35,0,40,0,0,0,0,272,2021-09-29 11:07:04.04-04,2021-09-29 11:07:04.04-04
248,tyranitar,2,247,126,4,45,35,0,40,0,1,0,0,273,2021-09-29 11:07:04.04-04,2021-09-29 11:07:04.04-04
249,lugia,2,,127,-1,3,0,0,120,0,0,1,0,274,2021-09-29 11:07:04.04-04,2021-09-29 11:07:04.04-04
250,ho-oh,2,,128,-1,3,0,0,120,0,0,1,0,275,2021-09-29 11:07:04.04-04,2021-09-29 11:07:04.04-04
251,celebi,2,,129,-1,45,100,0,120,0,0,0,1,276,2021-09-29 11:07:04.04-04,2021-09-29 11:07:04.04-04
252,treecko,3,,130,1,45,50,0,20,0,0,0,0,277,2021-09-29 11:07:04.04-04,2021-09-29 11:07:04.04-04
253,grovyle,3,252,130,1,45,50,0,20,0,0,0,0,278,2021-09-29 11:07:04.04-04,2021-09-29 11:07:04.04-04
254,sceptile,3,253,130,1,45,50,0,20,0,1,0,0,279,2021-09-29 11:07:04.04-04,2021-09-29 11:07:04.04-04
255,torchic,3,,131,1,45,50,0,20,1,0,0,0,280,2021-09-29 11:07:04.04-04,2021-09-29 11:07:04.04-04
256,combusken,3,255,131,1,45,50,0,20,1,0,0,0,281,2021-09-29 11:07:04.04-04,2021-09-29 11:07:04.04-04
257,blaziken,3,256,131,1,45,50,0,20,1,1,0,0,282,2021-09-29 11:07:04.04-04,2021-09-29 11:07:04.04-04
258,mudkip,3,,132,1,45,50,0,20,0,0,0,0,283,2021-09-29 11:07:04.04-04,2021-09-29 11:07:04.04-04
259,marshtomp,3,258,132,1,45,50,0,20,0,0,0,0,284,2021-09-29 11:07:04.04-04,2021-09-29 11:07:04.04-04
260,swampert,3,259,132,1,45,50,0,20,0,1,0,0,285,2021-09-29 11:07:04.04-04,2021-09-29 11:07:04.04-04
261,poochyena,3,,133,4,255,70,0,15,0,0,0,0,286,2021-09-29 11:07:04.04-04,2021-09-29 11:07:04.04-04
262,mightyena,3,261,133,4,127,70,0,15,0,0,0,0,287,2021-09-29 11:07:04.04-04,2021-09-29 11:07:04.04-04
263,zigzagoon,3,,134,4,255,50,0,15,0,0,0,0,288,2021-09-29 11:07:04.04-04,2021-09-29 11:07:04.04-04
264,linoone,3,263,134,4,90,50,0,15,0,0,0,0,289,2021-09-29 11:07:04.04-04,2021-09-29 11:07:04.04-04
265,wurmple,3,,135,4,255,70,0,15,0,0,0,0,290,2021-09-29 11:07:04.04-04,2021-09-29 11:07:04.04-04
266,silcoon,3,265,135,4,120,70,0,15,0,0,0,0,291,2021-09-29 11:07:04.04-04,2021-09-29 11:07:04.04-04
267,beautifly,3,266,135,4,45,70,0,15,1,0,0,0,292,2021-09-29 11:07:04.04-04,2021-09-29 11:07:04.04-04
268,cascoon,3,265,135,4,120,70,0,15,0,0,0,0,293,2021-09-29 11:07:04.04-04,2021-09-29 11:07:04.04-04
269,dustox,3,268,135,4,45,70,0,15,1,0,0,0,294,2021-09-29 11:07:04.04-04,2021-09-29 11:07:04.04-04
270,lotad,3,,136,4,255,50,0,15,0,0,0,0,295,2021-09-29 11:07:04.04-04,2021-09-29 11:07:04.04-04
271,lombre,3,270,136,4,120,50,0,15,0,0,0,0,296,2021-09-29 11:07:04.04-04,2021-09-29 11:07:04.04-04
272,ludicolo,3,271,136,4,45,50,0,15,1,0,0,0,297,2021-09-29 11:07:04.04-04,2021-09-29 11:07:04.04-04
273,seedot,3,,137,4,255,50,0,15,0,0,0,0,298,2021-09-29 11:07:04.04-04,2021-09-29 11:07:04.04-04
274,nuzleaf,3,273,137,4,120,50,0,15,1,0,0,0,299,2021-09-29 11:07:04.04-04,2021-09-29 11:07:04.04-04
275,shiftry,3,274,137,4,45,50,0,15,1,0,0,0,300,2021-09-29 11:07:04.04-04,2021-09-29 11:07:04.04-04
276,taillow,3,,138,4,200,70,0,15,0,0,0,0,301,2021-09-29 11:07:04.04-04,2021-09-29 11:07:04.04-04
277,swellow,3,276,138,4,45,70,0,15,0,0,0,0,302,2021-09-29 11:07:04.04-04,2021-09-29 11:07:04.04-04
278,wingull,3,,139,4,190,50,0,20,0,0,0,0,303,2021-09-29 11:07:04.04-04,2021-09-29 11:07:04.04-04
279,pelipper,3,278,139,4,45,50,0,20,0,0,0,0,304,2021-09-29 11:07:04.04-04,2021-09-29 11:07:04.04-04
280,ralts,3,,140,4,235,35,0,20,0,0,0,0,305,2021-09-29 11:07:04.04-04,2021-09-29 11:07:04.04-04
281,kirlia,3,280,140,4,120,35,0,20,0,0,0,0,306,2021-09-29 11:07:04.04-04,2021-09-29 11:07:04.04-04
282,gardevoir,3,281,140,4,45,35,0,20,0,1,0,0,307,2021-09-29 11:07:04.04-04,2021-09-29 11:07:04.04-04
283,surskit,3,,141,4,200,70,0,15,0,0,0,0,309,2021-09-29 11:07:04.04-04,2021-09-29 11:07:04.04-04
284,masquerain,3,283,141,4,75,70,0,15,0,0,0,0,310,2021-09-29 11:07:04.04-04,2021-09-29 11:07:04.04-04
285,shroomish,3,,142,4,255,70,0,15,0,0,0,0,311,2021-09-29 11:07:04.04-04,2021-09-29 11:07:04.04-04
286,breloom,3,285,142,4,90,70,0,15,0,0,0,0,312,2021-09-29 11:07:04.04-04,2021-09-29 11:07:04.04-04
287,slakoth,3,,143,4,255,70,0,15,0,0,0,0,313,2021-09-29 11:07:04.04-04,2021-09-29 11:07:04.04-04
288,vigoroth,3,287,143,4,120,70,0,15,0,0,0,0,314,2021-09-29 11:07:04.04-04,2021-09-29 11:07:04.04-04
289,slaking,3,288,143,4,45,70,0,15,0,0,0,0,315,2021-09-29 11:07:04.04-04,2021-09-29 11:07:04.04-04
290,nincada,3,,144,4,255,50,0,15,0,0,0,0,316,2021-09-29 11:07:04.04-04,2021-09-29 11:07:04.04-04
291,ninjask,3,290,144,4,120,50,0,15,0,0,0,0,317,2021-09-29 11:07:04.04-04,2021-09-29 11:07:04.04-04
292,shedinja,3,290,144,-1,45,50,0,15,0,0,0,0,318,2021-09-29 11:07:04.04-04,2021-09-29 11:07:04.04-04
293,whismur,3,,145,4,190,50,0,20,0,0,0,0,319,2021-09-29 11:07:04.04-04,2021-09-29 11:07:04.04-04
294,loudred,3,293,145,4,120,50,0,20,0,0,0,0,320,2021-09-29 11:07:04.04-04,2021-09-29 11:07:04.04-04
295,exploud,3,294,145,4,45,50,0,20,0,0,0,0,321,2021-09-29 11:07:04.04-04,2021-09-29 11:07:04.04-04
296,makuhita,3,,146,2,180,70,0,20,0,0,0,0,322,2021-09-29 11:07:04.04-04,2021-09-29 11:07:04.04-04
297,hariyama,3,296,146,2,200,70,0,20,0,0,0,0,323,2021-09-29 11:07:04.04-04,2021-09-29 11:07:04.04-04
298,azurill,3,,90,6,150,50,1,10,0,0,0,0,211,2021-09-29 11:07:04.04-04,2021-09-29 11:07:04.04-04
299,nosepass,3,,147,4,255,70,0,20,0,0,0,0,324,2021-09-29 11:07:04.04-04,2021-09-29 11:07:04.04-04
300,skitty,3,,148,6,255,70,0,15,0,0,0,0,326,2021-09-29 11:07:04.04-04,2021-09-29 11:07:04.04-04
301,delcatty,3,300,148,6,60,70,0,15,0,0,0,0,327,2021-09-29 11:07:04.04-04,2021-09-29 11:07:04.04-04
302,sableye,3,,149,4,45,35,0,25,0,1,0,0,328,2021-09-29 11:07:04.04-04,2021-09-29 11:07:04.04-04
303,mawile,3,,150,4,45,50,0,20,0,1,0,0,329,2021-09-29 11:07:04.04-04,2021-09-29 11:07:04.04-04
304,aron,3,,151,4,180,35,0,35,0,0,0,0,330,2021-09-29 11:07:04.04-04,2021-09-29 11:07:04.04-04
305,lairon,3,304,151,4,90,35,0,35,0,0,0,0,331,2021-09-29 11:07:04.04-04,2021-09-29 11:07:04.04-04
306,aggron,3,305,151,4,45,35,0,35,0,1,0,0,332,2021-09-29 11:07:04.04-04,2021-09-29 11:07:04.04-04
307,meditite,3,,152,4,180,70,0,20,1,0,0,0,333,2021-09-29 11:07:04.04-04,2021-09-29 11:07:04.04-04
308,medicham,3,307,152,4,90,70,0,20,1,1,0,0,334,2021-09-29 11:07:04.04-04,2021-09-29 11:07:04.04-04
309,electrike,3,,153,4,120,50,0,20,0,0,0,0,335,2021-09-29 11:07:04.04-04,2021-09-29 11:07:04.04-04
310,manectric,3,309,153,4,45,50,0,20,0,1,0,0,336,2021-09-29 11:07:04.04-04,2021-09-29 11:07:04.04-04
311,plusle,3,,154,4,200,70,0,20,0,0,0,0,337,2021-09-29 11:07:04.04-04,2021-09-29 11:07:04.04-04
312,minun,3,,155,4,200,70,0,20,0,0,0,0,338,2021-09-29 11:07:04.04-04,2021-09-29 11:07:04.04-04
313,volbeat,3,,156,0,150,70,0,15,0,0,0,0,339,2021-09-29 11:07:04.04-04,2021-09-29 11:07:04.04-04
314,illumise,3,,157,8,150,70,0,15,0,0,0,0,340,2021-09-29 11:07:04.04-04,2021-09-29 11:07:04.04-04
315,roselia,3,406,158,4,150,50,0,20,1,0,0,0,342,2021-09-29 11:07:04.04-04,2021-09-29 11:07:04.04-04
316,gulpin,3,,159,4,225,70,0,20,1,0,0,0,344,2021-09-29 11:07:04.04-04,2021-09-29 11:07:04.04-04
317,swalot,3,316,159,4,75,70,0,20,1,0,0,0,345,2021-09-29 11:07:04.04-04,2021-09-29 11:07:04.04-04
318,carvanha,3,,160,4,225,35,0,20,0,0,0,0,346,2021-09-29 11:07:04.04-04,2021-09-29 11:07:04.04-04
319,sharpedo,3,318,160,4,60,35,0,20,0,1,0,0,347,2021-09-29 11:07:04.04-04,2021-09-29 11:07:04.04-04
320,wailmer,3,,161,4,125,50,0,40,0,0,0,0,348,2021-09-29 11:07:04.04-04,2021-09-29 11:07:04.04-04
321,wailord,3,320,161,4,60,50,0,40,0,0,0,0,349,2021-09-29 11:07:04.04-04,2021-09-29 11:07:04.04-04
322,numel,3,,162,4,255,70,0,20,1,0,0,0,350,2021-09-29 11:07:04.04-04,2021-09-29 11:07:04.04-04
323,camerupt,3,322,162,4,150,70,0,20,1,1,0,0,351,2021-09-29 11:07:04.04-04,2021-09-29 11:07:04.04-04
324,torkoal,3,,163,4,90,50,0,20,0,0,0,0,352,2021-09-29 11:07:04.04-04,2021-09-29 11:07:04.04-04
325,spoink,3,,164,4,255,70,0,20,0,0,0,0,353,2021-09-29 11:07:04.04-04,2021-09-29 11:07:04.04-04
326,grumpig,3,325,164,4,60,70,0,20,0,0,0,0,354,2021-09-29 11:07:04.04-04,2021-09-29 11:07:04.04-04
327,spinda,3,,165,4,255,70,0,15,0,0,0,0,355,2021-09-29 11:07:04.04-04,2021-09-29 11:07:04.04-04
328,trapinch,3,,166,4,255,50,0,20,0,0,0,0,356,2021-09-29 11:07:04.04-04,2021-09-29 11:07:04.04-04
329,vibrava,3,328,166,4,120,50,0,20,0,0,0,0,357,2021-09-29 11:07:04.04-04,2021-09-29 11:07:04.04-04
330,flygon,3,329,166,4,45,50,0,20,0,0,0,0,358,2021-09-29 11:07:04.04-04,2021-09-29 11:07:04.04-04
331,cacnea,3,,167,4,190,35,0,20,0,0,0,0,359,2021-09-29 11:07:04.04-04,2021-09-29 11:07:04.04-04
332,cacturne,3,331,167,4,60,35,0,20,1,0,0,0,360,2021-09-29 11:07:04.04-04,2021-09-29 11:07:04.04-04
333,swablu,3,,168,4,255,50,0,20,0,0,0,0,361,2021-09-29 11:07:04.04-04,2021-09-29 11:07:04.04-04
334,altaria,3,333,168,4,45,50,0,20,0,1,0,0,362,2021-09-29 11:07:04.04-04,2021-09-29 11:07:04.04-04
335,zangoose,3,,169,4,90,70,0,20,0,0,0,0,363,2021-09-29 11:07:04.04-04,2021-09-29 11:07:04.04-04
336,seviper,3,,170,4,90,70,0,20,0,0,0,0,364,2021-09-29 11:07:04.04-04,2021-09-29 11:07:04.04-04
337,lunatone,3,,171,-1,45,50,0,25,0,0,0,0,365,2021-09-29 11:07:04.04-04,2021-09-29 11:07:04.04-04
338,solrock,3,,172,-1,45,50,0,25,0,0,0,0,366,2021-09-29 11:07:04.04-04,2021-09-29 11:07:04.04-04
339,barboach,3,,173,4,190,50,0,20,0,0,0,0,367,2021-09-29 11:07:04.04-04,2021-09-29 11:07:04.04-04
340,whiscash,3,339,173,4,75,50,0,20,0,0,0,0,368,2021-09-29 11:07:04.04-04,2021-09-29 11:07:04.04-04
341,corphish,3,,174,4,205,50,0,15,0,0,0,0,369,2021-09-29 11:07:04.04-04,2021-09-29 11:07:04.04-04
342,crawdaunt,3,341,174,4,155,50,0,15,0,0,0,0,370,2021-09-29 11:07:04.04-04,2021-09-29 11:07:04.04-04
343,baltoy,3,,175,-1,255,50,0,20,0,0,0,0,371,2021-09-29 11:07:04.04-04,2021-09-29 11:07:04.04-04
344,claydol,3,343,175,-1,90,50,0,20,0,0,0,0,372,2021-09-29 11:07:04.04-04,2021-09-29 11:07:04.04-04
345,lileep,3,,176,1,45,50,0,30,0,0,0,0,373,2021-09-29 11:07:04.04-04,2021-09-29 11:07:04.04-04
346,cradily,3,345,176,1,45,50,0,30,0,0,0,0,374,2021-09-29 11:07:04.04-04,2021-09-29 11:07:04.04-04
347,anorith,3,,177,1,45,50,0,30,0,0,0,0,375,2021-09-29 11:07:04.04-04,2021-09-29 11:07:04.04-04
348,armaldo,3,347,177,1,45,50,0,30,0,0,0,0,376,2021-09-29 11:07:04.04-04,2021-09-29 11:07:04.04-04
349,feebas,3,,178,4,255,50,0,20,0,0,0,0,377,2021-09-29 11:07:04.04-04,2021-09-29 11:07:04.04-04
350,milotic,3,349,178,4,60,50,0,20,1,0,0,0,378,2021-09-29 11:07:04.04-04,2021-09-29 11:07:04.04-04
351,castform,3,,179,4,45,70,0,25,0,1,0,0,379,2021-09-29 11:07:04.04-04,2021-09-29 11:07:04.04-04
352,kecleon,3,,180,4,200,70,0,20,0,0,0,0,380,2021-09-29 11:07:04.04-04,2021-09-29 11:07:04.04-04
353,shuppet,3,,181,4,225,35,0,25,0,0,0,0,381,2021-09-29 11:07:04.04-04,2021-09-29 11:07:04.04-04
354,banette,3,353,181,4,45,35,0,25,0,1,0,0,382,2021-09-29 11:07:04.04-04,2021-09-29 11:07:04.04-04
355,duskull,3,,182,4,190,35,0,25,0,0,0,0,383,2021-09-29 11:07:04.04-04,2021-09-29 11:07:04.04-04
356,dusclops,3,355,182,4,90,35,0,25,0,0,0,0,384,2021-09-29 11:07:04.04-04,2021-09-29 11:07:04.04-04
357,tropius,3,,183,4,200,70,0,25,0,0,0,0,386,2021-09-29 11:07:04.04-04,2021-09-29 11:07:04.04-04
358,chimecho,3,433,184,4,45,70,0,25,0,0,0,0,388,2021-09-29 11:07:04.04-04,2021-09-29 11:07:04.04-04
359,absol,3,,185,4,30,35,0,25,0,1,0,0,389,2021-09-29 11:07:04.04-04,2021-09-29 11:07:04.04-04
360,wynaut,3,,100,4,125,50,1,20,0,0,0,0,232,2021-09-29 11:07:04.04-04,2021-09-29 11:07:04.04-04
361,snorunt,3,,186,4,190,50,0,20,0,0,0,0,390,2021-09-29 11:07:04.04-04,2021-09-29 11:07:04.04-04
362,glalie,3,361,186,4,75,50,0,20,0,1,0,0,391,2021-09-29 11:07:04.04-04,2021-09-29 11:07:04.04-04
363,spheal,3,,187,4,255,50,0,20,0,0,0,0,393,2021-09-29 11:07:04.04-04,2021-09-29 11:07:04.04-04
364,sealeo,3,363,187,4,120,50,0,20,0,0,0,0,394,2021-09-29 11:07:04.04-04,2021-09-29 11:07:04.04-04
365,walrein,3,364,187,4,45,50,0,20,0,0,0,0,395,2021-09-29 11:07:04.04-04,2021-09-29 11:07:04.04-04
366,clamperl,3,,188,4,255,70,0,20,0,0,0,0,396,2021-09-29 11:07:04.04-04,2021-09-29 11:07:04.04-04
367,huntail,3,366,188,4,60,70,0,20,0,0,0,0,397,2021-09-29 11:07:04.04-04,2021-09-29 11:07:04.04-04
368,gorebyss,3,366,188,4,60,70,0,20,0,0,0,0,398,2021-09-29 11:07:04.04-04,2021-09-29 11:07:04.04-04
369,relicanth,3,,189,1,25,50,0,40,1,0,0,0,399,2021-09-29 11:07:04.04-04,2021-09-29 11:07:04.04-04
370,luvdisc,3,,190,6,225,70,0,20,0,0,0,0,400,2021-09-29 11:07:04.04-04,2021-09-29 11:07:04.04-04
371,bagon,3,,191,4,45,35,0,40,0,0,0,0,401,2021-09-29 11:07:04.04-04,2021-09-29 11:07:04.04-04
372,shelgon,3,371,191,4,45,35,0,40,0,0,0,0,402,2021-09-29 11:07:04.04-04,2021-09-29 11:07:04.04-04
373,salamence,3,372,191,4,45,35,0,40,0,1,0,0,403,2021-09-29 11:07:04.04-04,2021-09-29 11:07:04.04-04
374,beldum,3,,192,-1,3,35,0,40,0,0,0,0,404,2021-09-29 11:07:04.04-04,2021-09-29 11:07:04.04-04
375,metang,3,374,192,-1,3,35,0,40,0,0,0,0,405,2021-09-29 11:07:04.04-04,2021-09-29 11:07:04.04-04
376,metagross,3,375,192,-1,3,35,0,40,0,1,0,0,406,2021-09-29 11:07:04.04-04,2021-09-29 11:07:04.04-04
377,regirock,3,,193,-1,3,35,0,80,0,0,1,0,407,2021-09-29 11:07:04.04-04,2021-09-29 11:07:04.04-04
378,regice,3,,194,-1,3,35,0,80,0,0,1,0,408,2021-09-29 11:07:04.04-04,2021-09-29 11:07:04.04-04
379,registeel,3,,195,-1,3,35,0,80,0,0,1,0,409,2021-09-29 11:07:04.04-04,2021-09-29 11:07:04.04-04
380,latias,3,,196,8,3,90,0,120,0,1,1,0,410,2021-09-29 11:07:04.04-04,2021-09-29 11:07:04.04-04
381,latios,3,,197,0,3,90,0,120,0,1,1,0,411,2021-09-29 11:07:04.04-04,2021-09-29 11:07:04.04-04
382,kyogre,3,,198,-1,3,0,0,120,0,1,1,0,412,2021-09-29 11:07:04.04-04,2021-09-29 11:07:04.04-04
383,groudon,3,,199,-1,3,0,0,120,0,1,1,0,413,2021-09-29 11:07:04.04-04,2021-09-29 11:07:04.04-04
384,rayquaza,3,,200,-1,45,0,0,120,0,1,1,0,414,2021-09-29 11:07:04.04-04,2021-09-29 11:07:04.04-04
385,jirachi,3,,201,-1,3,100,0,120,0,0,0,1,415,2021-09-29 11:07:04.04-04,2021-09-29 11:07:04.04-04
386,deoxys,3,,202,-1,3,0,0,120,0,1,0,1,416,2021-09-29 11:07:04.04-04,2021-09-29 11:07:04.04-04
387,turtwig,4,,203,1,45,70,0,20,0,0,0,0,417,2021-09-29 11:07:04.04-04,2021-09-29 11:07:04.04-04
388,grotle,4,387,203,1,45,70,0,20,0,0,0,0,418,2021-09-29 11:07:04.04-04,2021-09-29 11:07:04.04-04
389,torterra,4,388,203,1,45,70,0,20,0,0,0,0,419,2021-09-29 11:07:04.04-04,2021-09-29 11:07:04.04-04
390,chimchar,4,,204,1,45,70,0,20,0,0,0,0,420,2021-09-29 11:07:04.04-04,2021-09-29 11:07:04.04-04
391,monferno,4,390,204,1,45,70,0,20,0,0,0,0,421,2021-09-29 11:07:04.04-04,2021-09-29 11:07:04.04-04
392,infernape,4,391,204,1,45,70,0,20,0,0,0,0,422,2021-09-29 11:07:04.04-04,2021-09-29 11:07:04.04-04
393,piplup,4,,205,1,45,70,0,20,0,0,0,0,423,2021-09-29 11:07:04.04-04,2021-09-29 11:07:04.04-04
394,prinplup,4,393,205,1,45,70,0,20,0,0,0,0,424,2021-09-29 11:07:04.04-04,2021-09-29 11:07:04.04-04
395,empoleon,4,394,205,1,45,70,0,20,0,0,0,0,425,2021-09-29 11:07:04.04-04,2021-09-29 11:07:04.04-04
396,starly,4,,206,4,255,70,0,15,1,0,0,0,426,2021-09-29 11:07:04.04-04,2021-09-29 11:07:04.04-04
397,staravia,4,396,206,4,120,70,0,15,1,0,0,0,427,2021-09-29 11:07:04.04-04,2021-09-29 11:07:04.04-04
398,staraptor,4,397,206,4,45,70,0,15,1,0,0,0,428,2021-09-29 11:07:04.04-04,2021-09-29 11:07:04.04-04
399,bidoof,4,,207,4,255,70,0,15,1,0,0,0,429,2021-09-29 11:07:04.04-04,2021-09-29 11:07:04.04-04
400,bibarel,4,399,207,4,127,70,0,15,1,0,0,0,430,2021-09-29 11:07:04.04-04,2021-09-29 11:07:04.04-04
401,kricketot,4,,208,4,255,70,0,15,1,0,0,0,431,2021-09-29 11:07:04.04-04,2021-09-29 11:07:04.04-04
402,kricketune,4,401,208,4,45,70,0,15,1,0,0,0,432,2021-09-29 11:07:04.04-04,2021-09-29 11:07:04.04-04
403,shinx,4,,209,4,235,50,0,20,1,0,0,0,433,2021-09-29 11:07:04.04-04,2021-09-29 11:07:04.04-04
404,luxio,4,403,209,4,120,100,0,20,1,0,0,0,434,2021-09-29 11:07:04.04-04,2021-09-29 11:07:04.04-04
405,luxray,4,404,209,4,45,50,0,20,1,0,0,0,435,2021-09-29 11:07:04.04-04,2021-09-29 11:07:04.04-04
406,budew,4,,158,4,255,50,1,20,0,0,0,0,341,2021-09-29 11:07:04.04-04,2021-09-29 11:07:04.04-04
407,roserade,4,315,158,4,75,50,0,20,1,0,0,0,343,2021-09-29 11:07:04.04-04,2021-09-29 11:07:04.04-04
408,cranidos,4,,211,1,45,70,0,30,0,0,0,0,436,2021-09-29 11:07:04.04-04,2021-09-29 11:07:04.04-04
409,rampardos,4,408,211,1,45,70,0,30,0,0,0,0,437,2021-09-29 11:07:04.04-04,2021-09-29 11:07:04.04-04
410,shieldon,4,,212,1,45,70,0,30,0,0,0,0,438,2021-09-29 11:07:04.04-04,2021-09-29 11:07:04.04-04
411,bastiodon,4,410,212,1,45,70,0,30,0,0,0,0,439,2021-09-29 11:07:04.04-04,2021-09-29 11:07:04.04-04
412,burmy,4,,213,4,120,70,0,15,0,1,0,0,440,2021-09-29 11:07:04.04-04,2021-09-29 11:07:04.04-04
413,wormadam,4,412,213,8,45,70,0,15,0,0,0,0,441,2021-09-29 11:07:04.04-04,2021-09-29 11:07:04.04-04
414,mothim,4,412,213,0,45,70,0,15,0,0,0,0,442,2021-09-29 11:07:04.04-04,2021-09-29 11:07:04.04-04
415,combee,4,,214,1,120,50,0,15,1,0,0,0,443,2021-09-29 11:07:04.04-04,2021-09-29 11:07:04.04-04
416,vespiquen,4,415,214,8,45,50,0,15,0,0,0,0,444,2021-09-29 11:07:04.04-04,2021-09-29 11:07:04.04-04
417,pachirisu,4,,215,4,200,100,0,10,1,0,0,0,445,2021-09-29 11:07:04.04-04,2021-09-29 11:07:04.04-04
418,buizel,4,,216,4,190,70,0,20,1,0,0,0,446,2021-09-29 11:07:04.04-04,2021-09-29 11:07:04.04-04
419,floatzel,4,418,216,4,75,70,0,20,1,0,0,0,447,2021-09-29 11:07:04.04-04,2021-09-29 11:07:04.04-04
420,cherubi,4,,217,4,190,50,0,20,0,0,0,0,448,2021-09-29 11:07:04.04-04,2021-09-29 11:07:04.04-04
421,cherrim,4,420,217,4,75,50,0,20,0,1,0,0,449,2021-09-29 11:07:04.04-04,2021-09-29 11:07:04.04-04
422,shellos,4,,218,4,190,50,0,20,0,0,0,0,450,2021-09-29 11:07:04.04-04,2021-09-29 11:07:04.04-04
423,gastrodon,4,422,218,4,75,50,0,20,0,0,0,0,451,2021-09-29 11:07:04.04-04,2021-09-29 11:07:04.04-04
424,ambipom,4,190,93,4,45,100,0,20,1,0,0,0,220,2021-09-29 11:07:04.04-04,2021-09-29 11:07:04.04-04
425,drifloon,4,,219,4,125,50,0,30,0,0,0,0,452,2021-09-29 11:07:04.04-04,2021-09-29 11:07:04.04-04
426,drifblim,4,425,219,4,60,50,0,30,0,0,0,0,453,2021-09-29 11:07:04.04-04,2021-09-29 11:07:04.04-04
427,buneary,4,,220,4,190,0,0,20,0,0,0,0,454,2021-09-29 11:07:04.04-04,2021-09-29 11:07:04.04-04
428,lopunny,4,427,220,4,60,140,0,20,0,1,0,0,455,2021-09-29 11:07:04.04-04,2021-09-29 11:07:04.04-04
429,mismagius,4,200,98,4,45,35,0,25,0,0,0,0,230,2021-09-29 11:07:04.04-04,2021-09-29 11:07:04.04-04
430,honchkrow,4,198,97,4,30,35,0,20,0,0,0,0,228,2021-09-29 11:07:04.04-04,2021-09-29 11:07:04.04-04
431,glameow,4,,221,6,190,70,0,20,0,0,0,0,456,2021-09-29 11:07:04.04-04,2021-09-29 11:07:04.04-04
432,purugly,4,431,221,6,75,70,0,20,0,0,0,0,457,2021-09-29 11:07:04.04-04,2021-09-29 11:07:04.04-04
433,chingling,4,,184,4,120,70,1,25,0,0,0,0,387,2021-09-29 11:07:04.04-04,2021-09-29 11:07:04.04-04
434,stunky,4,,223,4,225,50,0,20,0,0,0,0,458,2021-09-29 11:07:04.04-04,2021-09-29 11:07:04.04-04
435,skuntank,4,434,223,4,60,50,0,20,0,0,0,0,459,2021-09-29 11:07:04.04-04,2021-09-29 11:07:04.04-04
436,bronzor,4,,224,-1,255,50,0,20,0,0,0,0,460,2021-09-29 11:07:04.04-04,2021-09-29 11:07:04.04-04
437,bronzong,4,436,224,-1,90,50,0,20,0,0,0,0,461,2021-09-29 11:07:04.04-04,2021-09-29 11:07:04.04-04
438,bonsly,4,,91,4,255,50,1,20,0,0,0,0,214,2021-09-29 11:07:04.04-04,2021-09-29 11:07:04.04-04
439,mime-jr,4,,57,4,145,50,1,25,0,0,0,0,139,2021-09-29 11:07:04.04-04,2021-09-29 11:07:04.04-04
440,happiny,4,,51,8,130,140,1,40,0,0,0,0,126,2021-09-29 11:07:04.04-04,2021-09-29 11:07:04.04-04
441,chatot,4,,228,4,30,35,0,20,0,0,0,0,462,2021-09-29 11:07:04.04-04,2021-09-29 11:07:04.04-04
442,spiritomb,4,,229,4,100,50,0,30,0,0,0,0,463,2021-09-29 11:07:04.04-04,2021-09-29 11:07:04.04-04
443,gible,4,,230,4,45,50,0,40,1,0,0,0,464,2021-09-29 11:07:04.04-04,2021-09-29 11:07:04.04-04
444,gabite,4,443,230,4,45,50,0,40,1,0,0,0,465,2021-09-29 11:07:04.04-04,2021-09-29 11:07:04.04-04
445,garchomp,4,444,230,4,45,50,0,40,1,1,0,0,466,2021-09-29 11:07:04.04-04,2021-09-29 11:07:04.04-04
446,munchlax,4,,72,1,50,50,1,40,0,0,0,0,174,2021-09-29 11:07:04.04-04,2021-09-29 11:07:04.04-04
447,riolu,4,,232,1,75,50,1,25,0,0,0,0,467,2021-09-29 11:07:04.04-04,2021-09-29 11:07:04.04-04
448,lucario,4,447,232,1,45,50,0,25,0,1,0,0,468,2021-09-29 11:07:04.04-04,2021-09-29 11:07:04.04-04
449,hippopotas,4,,233,4,140,50,0,30,1,0,0,0,469,2021-09-29 11:07:04.04-04,2021-09-29 11:07:04.04-04
450,hippowdon,4,449,233,4,60,50,0,30,1,0,0,0,470,2021-09-29 11:07:04.04-04,2021-09-29 11:07:04.04-04
451,skorupi,4,,234,4,120,50,0,20,0,0,0,0,471,2021-09-29 11:07:04.04-04,2021-09-29 11:07:04.04-04
452,drapion,4,451,234,4,45,50,0,20,0,0,0,0,472,2021-09-29 11:07:04.04-04,2021-09-29 11:07:04.04-04
453,croagunk,4,,235,4,140,100,0,10,1,0,0,0,473,2021-09-29 11:07:04.04-04,2021-09-29 11:07:04.04-04
454,toxicroak,4,453,235,4,75,50,0,20,1,0,0,0,474,2021-09-29 11:07:04.04-04,2021-09-29 11:07:04.04-04
455,carnivine,4,,236,4,200,70,0,25,0,0,0,0,475,2021-09-29 11:07:04.04-04,2021-09-29 11:07:04.04-04
456,finneon,4,,237,4,190,70,0,20,1,0,0,0,476,2021-09-29 11:07:04.04-04,2021-09-29 11:07:04.04-04
457,lumineon,4,456,237,4,75,70,0,20,1,0,0,0,477,2021-09-29 11:07:04.04-04,2021-09-29 11:07:04.04-04
458,mantyke,4,,116,4,25,50,1,25,0,0,0,0,258,2021-09-29 11:07:04.04-04,2021-09-29 11:07:04.04-04
459,snover,4,,239,4,120,50,0,20,1,0,0,0,478,2021-09-29 11:07:04.04-04,2021-09-29 11:07:04.04-04
460,abomasnow,4,459,239,4,60,50,0,20,1,1,0,0,479,2021-09-29 11:07:04.04-04,2021-09-29 11:07:04.04-04
461,weavile,4,215,109,4,45,35,0,20,1,0,0,0,246,2021-09-29 11:07:04.04-04,2021-09-29 11:07:04.04-04
462,magnezone,4,82,34,-1,30,50,0,20,0,0,0,0,90,2021-09-29 11:07:04.04-04,2021-09-29 11:07:04.04-04
463,lickilicky,4,108,48,4,30,50,0,20,0,0,0,0,120,2021-09-29 11:07:04.04-04,2021-09-29 11:07:04.04-04
464,rhyperior,4,112,50,4,30,50,0,20,1,0,0,0,125,2021-09-29 11:07:04.04-04,2021-09-29 11:07:04.04-04
465,tangrowth,4,114,52,4,30,50,0,20,1,0,0,0,130,2021-09-29 11:07:04.04-04,2021-09-29 11:07:04.04-04
466,electivire,4,125,60,2,30,50,0,25,0,0,0,0,147,2021-09-29 11:07:04.04-04,2021-09-29 11:07:04.04-04
467,magmortar,4,126,61,2,30,50,0,25,0,0,0,0,150,2021-09-29 11:07:04.04-04,2021-09-29 11:07:04.04-04
468,togekiss,4,176,87,1,30,50,0,10,0,0,0,0,205,2021-09-29 11:07:04.04-04,2021-09-29 11:07:04.04-04
469,yanmega,4,193,95,4,30,70,0,20,0,0,0,0,224,2021-09-29 11:07:04.04-04,2021-09-29 11:07:04.04-04
470,leafeon,4,133,67,1,45,35,0,35,0,0,0,0,163,2021-09-29 11:07:04.04-04,2021-09-29 11:07:04.04-04
471,glaceon,4,133,67,1,45,35,0,35,0,0,0,0,164,2021-09-29 11:07:04.04-04,2021-09-29 11:07:04.04-04
472,gliscor,4,207,104,4,30,70,0,20,0,0,0,0,239,2021-09-29 11:07:04.04-04,2021-09-29 11:07:04.04-04
473,mamoswine,4,221,112,4,50,50,0,20,1,0,0,0,253,2021-09-29 11:07:04.04-04,2021-09-29 11:07:04.04-04
474,porygon-z,4,233,68,-1,30,50,0,20,0,0,0,0,168,2021-09-29 11:07:04.04-04,2021-09-29 11:07:04.04-04
475,gallade,4,281,140,0,45,35,0,20,0,1,0,0,308,2021-09-29 11:07:04.04-04,2021-09-29 11:07:04.04-04
476,probopass,4,299,147,4,60,70,0,20,0,0,0,0,325,2021-09-29 11:07:04.04-04,2021-09-29 11:07:04.04-04
477,dusknoir,4,356,182,4,45,35,0,25,0,0,0,0,385,2021-09-29 11:07:04.04-04,2021-09-29 11:07:04.04-04
478,froslass,4,361,186,8,75,50,0,20,0,0,0,0,392,2021-09-29 11:07:04.04-04,2021-09-29 11:07:04.04-04
479,rotom,4,,240,-1,45,50,0,20,0,1,0,0,480,2021-09-29 11:07:04.04-04,2021-09-29 11:07:04.04-04
480,uxie,4,,241,-1,3,140,0,80,0,0,1,0,481,2021-09-29 11:07:04.04-04,2021-09-29 11:07:04.04-04
481,mesprit,4,,242,-1,3,140,0,80,0,0,1,0,482,2021-09-29 11:07:04.04-04,2021-09-29 11:07:04.04-04
482,azelf,4,,243,-1,3,140,0,80,0,0,1,0,483,2021-09-29 11:07:04.04-04,2021-09-29 11:07:04.04-04
483,dialga,4,,244,-1,3,0,0,120,0,0,1,0,484,2021-09-29 11:07:04.04-04,2021-09-29 11:07:04.04-04
484,palkia,4,,245,-1,3,0,0,120,0,0,1,0,485,2021-09-29 11:07:04.04-04,2021-09-29 11:07:04.04-04
485,heatran,4,,246,4,3,100,0,10,0,0,1,0,486,2021-09-29 11:07:04.04-04,2021-09-29 11:07:04.04-04
486,regigigas,4,,247,-1,3,0,0,120,0,0,1,0,487,2021-09-29 11:07:04.04-04,2021-09-29 11:07:04.04-04
487,giratina,4,,248,-1,3,0,0,120,0,1,1,0,488,2021-09-29 11:07:04.04-04,2021-09-29 11:07:04.04-04
488,cresselia,4,,249,8,3,100,0,120,0,0,1,0,489,2021-09-29 11:07:04.04-04,2021-09-29 11:07:04.04-04
489,phione,4,,250,-1,30,70,0,40,0,0,0,1,490,2021-09-29 11:07:04.04-04,2021-09-29 11:07:04.04-04
490,manaphy,4,,250,-1,3,70,0,10,0,0,0,1,491,2021-09-29 11:07:04.04-04,2021-09-29 11:07:04.04-04
491,darkrai,4,,252,-1,3,0,0,120,0,0,0,1,492,2021-09-29 11:07:04.04-04,2021-09-29 11:07:04.04-04
492,shaymin,4,,253,-1,45,100,0,120,0,1,0,1,493,2021-09-29 11:07:04.04-04,2021-09-29 11:07:04.04-04
493,arceus,4,,254,-1,3,0,0,120,0,1,0,1,494,2021-09-29 11:07:04.04-04,2021-09-29 11:07:04.04-04
494,victini,5,,255,-1,3,100,0,120,0,0,0,1,495,2021-09-29 11:07:04.04-04,2021-09-29 11:07:04.04-04
495,snivy,5,,256,1,45,70,0,20,0,0,0,0,496,2021-09-29 11:07:04.04-04,2021-09-29 11:07:04.04-04
496,servine,5,495,256,1,45,70,0,20,0,0,0,0,497,2021-09-29 11:07:04.04-04,2021-09-29 11:07:04.04-04
497,serperior,5,496,256,1,45,70,0,20,0,0,0,0,498,2021-09-29 11:07:04.04-04,2021-09-29 11:07:04.04-04
498,tepig,5,,257,1,45,70,0,20,0,0,0,0,499,2021-09-29 11:07:04.04-04,2021-09-29 11:07:04.04-04
499,pignite,5,498,257,1,45,70,0,20,0,0,0,0,500,2021-09-29 11:07:04.04-04,2021-09-29 11:07:04.04-04
500,emboar,5,499,257,1,45,70,0,20,0,0,0,0,501,2021-09-29 11:07:04.04-04,2021-09-29 11:07:04.04-04
501,oshawott,5,,258,1,45,70,0,20,0,0,0,0,502,2021-09-29 11:07:04.04-04,2021-09-29 11:07:04.04-04
502,dewott,5,501,258,1,45,70,0,20,0,0,0,0,503,2021-09-29 11:07:04.04-04,2021-09-29 11:07:04.04-04
503,samurott,5,502,258,1,45,70,0,20,0,0,0,0,504,2021-09-29 11:07:04.04-04,2021-09-29 11:07:04.04-04
504,patrat,5,,259,4,255,70,0,15,0,0,0,0,505,2021-09-29 11:07:04.04-04,2021-09-29 11:07:04.04-04
505,watchog,5,504,259,4,255,70,0,20,0,0,0,0,506,2021-09-29 11:07:04.04-04,2021-09-29 11:07:04.04-04
506,lillipup,5,,260,4,255,50,0,15,0,0,0,0,507,2021-09-29 11:07:04.04-04,2021-09-29 11:07:04.04-04
507,herdier,5,506,260,4,120,50,0,15,0,0,0,0,508,2021-09-29 11:07:04.04-04,2021-09-29 11:07:04.04-04
508,stoutland,5,507,260,4,45,50,0,15,0,0,0,0,509,2021-09-29 11:07:04.04-04,2021-09-29 11:07:04.04-04
509,purrloin,5,,261,4,255,50,0,20,0,0,0,0,510,2021-09-29 11:07:04.04-04,2021-09-29 11:07:04.04-04
510,liepard,5,509,261,4,90,50,0,20,0,0,0,0,511,2021-09-29 11:07:04.04-04,2021-09-29 11:07:04.04-04
511,pansage,5,,262,1,190,70,0,20,0,0,0,0,512,2021-09-29 11:07:04.04-04,2021-09-29 11:07:04.04-04
512,simisage,5,511,262,1,75,70,0,20,0,0,0,0,513,2021-09-29 11:07:04.04-04,2021-09-29 11:07:04.04-04
513,pansear,5,,263,1,190,70,0,20,0,0,0,0,514,2021-09-29 11:07:04.04-04,2021-09-29 11:07:04.04-04
514,simisear,5,513,263,1,75,70,0,20,0,0,0,0,515,2021-09-29 11:07:04.04-04,2021-09-29 11:07:04.04-04
515,panpour,5,,264,1,190,70,0,20,0,0,0,0,516,2021-09-29 11:07:04.04-04,2021-09-29 11:07:04.04-04
516,simipour,5,515,264,1,75,70,0,20,0,0,0,0,517,2021-09-29 11:07:04.04-04,2021-09-29 11:07:04.04-04
517,munna,5,,265,4,190,50,0,10,0,0,0,0,518,2021-09-29 11:07:04.04-04,2021-09-29 11:07:04.04-04
518,musharna,5,517,265,4,75,50,0,10,0,0,0,0,519,2021-09-29 11:07:04.04-04,2021-09-29 11:07:04.04-04
519,pidove,5,,266,4,255,50,0,15,0,0,0,0,520,2021-09-29 11:07:04.04-04,2021-09-29 11:07:04.04-04
520,tranquill,5,519,266,4,120,50,0,15,0,0,0,0,521,2021-09-29 11:07:04.04-04,2021-09-29 11:07:04.04-04
521,unfezant,5,520,266,4,45,50,0,15,1,0,0,0,522,2021-09-29 11:07:04.04-04,2021-09-29 11:07:04.04-04
522,blitzle,5,,267,4,190,70,0,20,0,0,0,0,523,2021-09-29 11:07:04.04-04,2021-09-29 11:07:04.04-04
523,zebstrika,5,522,267,4,75,70,0,20,0,0,0,0,524,2021-09-29 11:07:04.04-04,2021-09-29 11:07:04.04-04
524,roggenrola,5,,268,4,255,50,0,15,0,0,0,0,525,2021-09-29 11:07:04.04-04,2021-09-29 11:07:04.04-04
525,boldore,5,524,268,4,120,50,0,15,0,0,0,0,526,2021-09-29 11:07:04.04-04,2021-09-29 11:07:04.04-04
526,gigalith,5,525,268,4,45,50,0,15,0,0,0,0,527,2021-09-29 11:07:04.04-04,2021-09-29 11:07:04.04-04
527,woobat,5,,269,4,190,50,0,15,0,0,0,0,528,2021-09-29 11:07:04.04-04,2021-09-29 11:07:04.04-04
528,swoobat,5,527,269,4,45,50,0,15,0,0,0,0,529,2021-09-29 11:07:04.04-04,2021-09-29 11:07:04.04-04
529,drilbur,5,,270,4,120,50,0,20,0,0,0,0,530,2021-09-29 11:07:04.04-04,2021-09-29 11:07:04.04-04
530,excadrill,5,529,270,4,60,50,0,20,0,0,0,0,531,2021-09-29 11:07:04.04-04,2021-09-29 11:07:04.04-04
531,audino,5,,271,4,255,50,0,20,0,1,0,0,532,2021-09-29 11:07:04.04-04,2021-09-29 11:07:04.04-04
532,timburr,5,,272,2,180,70,0,20,0,0,0,0,533,2021-09-29 11:07:04.04-04,2021-09-29 11:07:04.04-04
533,gurdurr,5,532,272,2,90,50,0,20,0,0,0,0,534,2021-09-29 11:07:04.04-04,2021-09-29 11:07:04.04-04
534,conkeldurr,5,533,272,2,45,50,0,20,0,0,0,0,535,2021-09-29 11:07:04.04-04,2021-09-29 11:07:04.04-04
535,tympole,5,,273,4,255,50,0,20,0,0,0,0,536,2021-09-29 11:07:04.04-04,2021-09-29 11:07:04.04-04
536,palpitoad,5,535,273,4,120,50,0,20,0,0,0,0,537,2021-09-29 11:07:04.04-04,2021-09-29 11:07:04.04-04
537,seismitoad,5,536,273,4,45,50,0,20,0,0,0,0,538,2021-09-29 11:07:04.04-04,2021-09-29 11:07:04.04-04
538,throh,5,,274,0,45,50,0,20,0,0,0,0,539,2021-09-29 11:07:04.04-04,2021-09-29 11:07:04.04-04
539,sawk,5,,275,0,45,50,0,20,0,0,0,0,540,2021-09-29 11:07:04.04-04,2021-09-29 11:07:04.04-04
540,sewaddle,5,,276,4,255,70,0,15,0,0,0,0,541,2021-09-29 11:07:04.04-04,2021-09-29 11:07:04.04-04
541,swadloon,5,540,276,4,120,70,0,15,0,0,0,0,542,2021-09-29 11:07:04.04-04,2021-09-29 11:07:04.04-04
542,leavanny,5,541,276,4,45,70,0,15,0,0,0,0,543,2021-09-29 11:07:04.04-04,2021-09-29 11:07:04.04-04
543,venipede,5,,277,4,255,50,0,15,0,0,0,0,544,2021-09-29 11:07:04.04-04,2021-09-29 11:07:04.04-04
544,whirlipede,5,543,277,4,120,50,0,15,0,0,0,0,545,2021-09-29 11:07:04.04-04,2021-09-29 11:07:04.04-04
545,scolipede,5,544,277,4,45,50,0,20,0,0,0,0,546,2021-09-29 11:07:04.04-04,2021-09-29 11:07:04.04-04
546,cottonee,5,,278,4,190,50,0,20,0,0,0,0,547,2021-09-29 11:07:04.04-04,2021-09-29 11:07:04.04-04
547,whimsicott,5,546,278,4,75,50,0,20,0,0,0,0,548,2021-09-29 11:07:04.04-04,2021-09-29 11:07:04.04-04
548,petilil,5,,279,8,190,50,0,20,0,0,0,0,549,2021-09-29 11:07:04.04-04,2021-09-29 11:07:04.04-04
549,lilligant,5,548,279,8,75,50,0,20,0,0,0,0,550,2021-09-29 11:07:04.04-04,2021-09-29 11:07:04.04-04
550,basculin,5,,280,4,25,50,0,40,0,0,0,0,551,2021-09-29 11:07:04.04-04,2021-09-29 11:07:04.04-04
551,sandile,5,,281,4,180,50,0,20,0,0,0,0,552,2021-09-29 11:07:04.04-04,2021-09-29 11:07:04.04-04
552,krokorok,5,551,281,4,90,50,0,20,0,0,0,0,553,2021-09-29 11:07:04.04-04,2021-09-29 11:07:04.04-04
553,krookodile,5,552,281,4,45,50,0,20,0,0,0,0,554,2021-09-29 11:07:04.04-04,2021-09-29 11:07:04.04-04
554,darumaka,5,,282,4,120,50,0,20,0,0,0,0,555,2021-09-29 11:07:04.04-04,2021-09-29 11:07:04.04-04
555,darmanitan,5,554,282,4,60,50,0,20,0,1,0,0,556,2021-09-29 11:07:04.04-04,2021-09-29 11:07:04.04-04
556,maractus,5,,283,4,255,50,0,20,0,0,0,0,557,2021-09-29 11:07:04.04-04,2021-09-29 11:07:04.04-04
557,dwebble,5,,284,4,190,50,0,20,0,0,0,0,558,2021-09-29 11:07:04.04-04,2021-09-29 11:07:04.04-04
558,crustle,5,557,284,4,75,50,0,20,0,0,0,0,559,2021-09-29 11:07:04.04-04,2021-09-29 11:07:04.04-04
559,scraggy,5,,285,4,180,35,0,15,0,0,0,0,560,2021-09-29 11:07:04.04-04,2021-09-29 11:07:04.04-04
560,scrafty,5,559,285,4,90,50,0,15,0,0,0,0,561,2021-09-29 11:07:04.04-04,2021-09-29 11:07:04.04-04
561,sigilyph,5,,286,4,45,50,0,20,0,0,0,0,562,2021-09-29 11:07:04.04-04,2021-09-29 11:07:04.04-04
562,yamask,5,,287,4,190,50,0,25,0,0,0,0,563,2021-09-29 11:07:04.04-04,2021-09-29 11:07:04.04-04
563,cofagrigus,5,562,287,4,90,50,0,25,0,0,0,0,564,2021-09-29 11:07:04.04-04,2021-09-29 11:07:04.04-04
564,tirtouga,5,,288,1,45,50,0,30,0,0,0,0,565,2021-09-29 11:07:04.04-04,2021-09-29 11:07:04.04-04
565,carracosta,5,564,288,1,45,50,0,30,0,0,0,0,566,2021-09-29 11:07:04.04-04,2021-09-29 11:07:04.04-04
566,archen,5,,289,1,45,50,0,30,0,0,0,0,567,2021-09-29 11:07:04.04-04,2021-09-29 11:07:04.04-04
567,archeops,5,566,289,1,45,50,0,30,0,0,0,0,568,2021-09-29 11:07:04.04-04,2021-09-29 11:07:04.04-04
568,trubbish,5,,290,4,190,50,0,20,0,0,0,0,569,2021-09-29 11:07:04.04-04,2021-09-29 11:07:04.04-04
569,garbodor,5,568,290,4,60,50,0,20,0,0,0,0,570,2021-09-29 11:07:04.04-04,2021-09-29 11:07:04.04-04
570,zorua,5,,291,1,75,50,0,25,0,0,0,0,571,2021-09-29 11:07:04.04-04,2021-09-29 11:07:04.04-04
571,zoroark,5,570,291,1,45,50,0,20,0,0,0,0,572,2021-09-29 11:07:04.04-04,2021-09-29 11:07:04.04-04
572,minccino,5,,292,6,255,50,0,15,0,0,0,0,573,2021-09-29 11:07:04.04-04,2021-09-29 11:07:04.04-04
573,cinccino,5,572,292,6,60,50,0,15,0,0,0,0,574,2021-09-29 11:07:04.04-04,2021-09-29 11:07:04.04-04
574,gothita,5,,293,6,200,50,0,20,0,0,0,0,575,2021-09-29 11:07:04.04-04,2021-09-29 11:07:04.04-04
575,gothorita,5,574,293,6,100,50,0,20,0,0,0,0,576,2021-09-29 11:07:04.04-04,2021-09-29 11:07:04.04-04
576,gothitelle,5,575,293,6,50,50,0,20,0,0,0,0,577,2021-09-29 11:07:04.04-04,2021-09-29 11:07:04.04-04
577,solosis,5,,294,4,200,50,0,20,0,0,0,0,578,2021-09-29 11:07:04.04-04,2021-09-29 11:07:04.04-04
578,duosion,5,577,294,4,100,50,0,20,0,0,0,0,579,2021-09-29 11:07:04.04-04,2021-09-29 11:07:04.04-04
579,reuniclus,5,578,294,4,50,50,0,20,0,0,0,0,580,2021-09-29 11:07:04.04-04,2021-09-29 11:07:04.04-04
580,ducklett,5,,295,4,190,70,0,20,0,0,0,0,581,2021-09-29 11:07:04.04-04,2021-09-29 11:07:04.04-04
581,swanna,5,580,295,4,45,70,0,20,0,0,0,0,582,2021-09-29 11:07:04.04-04,2021-09-29 11:07:04.04-04
582,vanillite,5,,296,4,255,50,0,20,0,0,0,0,583,2021-09-29 11:07:04.04-04,2021-09-29 11:07:04.04-04
583,vanillish,5,582,296,4,120,50,0,20,0,0,0,0,584,2021-09-29 11:07:04.04-04,2021-09-29 11:07:04.04-04
584,vanilluxe,5,583,296,4,45,50,0,20,0,0,0,0,585,2021-09-29 11:07:04.04-04,2021-09-29 11:07:04.04-04
585,deerling,5,,297,4,190,70,0,20,0,1,0,0,586,2021-09-29 11:07:04.04-04,2021-09-29 11:07:04.04-04
586,sawsbuck,5,585,297,4,75,70,0,20,0,1,0,0,587,2021-09-29 11:07:04.04-04,2021-09-29 11:07:04.04-04
587,emolga,5,,298,4,200,50,0,20,0,0,0,0,588,2021-09-29 11:07:04.04-04,2021-09-29 11:07:04.04-04
588,karrablast,5,,299,4,200,50,0,15,0,0,0,0,589,2021-09-29 11:07:04.04-04,2021-09-29 11:07:04.04-04
589,escavalier,5,588,299,4,75,50,0,15,0,0,0,0,590,2021-09-29 11:07:04.04-04,2021-09-29 11:07:04.04-04
590,foongus,5,,300,4,190,50,0,20,0,0,0,0,591,2021-09-29 11:07:04.04-04,2021-09-29 11:07:04.04-04
591,amoonguss,5,590,300,4,75,50,0,20,0,0,0,0,592,2021-09-29 11:07:04.04-04,2021-09-29 11:07:04.04-04
592,frillish,5,,301,4,190,50,0,20,1,0,0,0,593,2021-09-29 11:07:04.04-04,2021-09-29 11:07:04.04-04
593,jellicent,5,592,301,4,60,50,0,20,1,0,0,0,594,2021-09-29 11:07:04.04-04,2021-09-29 11:07:04.04-04
594,alomomola,5,,302,4,75,70,0,40,0,0,0,0,595,2021-09-29 11:07:04.04-04,2021-09-29 11:07:04.04-04
595,joltik,5,,303,4,190,50,0,20,0,0,0,0,596,2021-09-29 11:07:04.04-04,2021-09-29 11:07:04.04-04
596,galvantula,5,595,303,4,75,50,0,20,0,0,0,0,597,2021-09-29 11:07:04.04-04,2021-09-29 11:07:04.04-04
597,ferroseed,5,,304,4,255,50,0,20,0,0,0,0,598,2021-09-29 11:07:04.04-04,2021-09-29 11:07:04.04-04
598,ferrothorn,5,597,304,4,90,50,0,20,0,0,0,0,599,2021-09-29 11:07:04.04-04,2021-09-29 11:07:04.04-04
599,klink,5,,305,-1,130,50,0,20,0,0,0,0,600,2021-09-29 11:07:04.04-04,2021-09-29 11:07:04.04-04
600,klang,5,599,305,-1,60,50,0,20,0,0,0,0,601,2021-09-29 11:07:04.04-04,2021-09-29 11:07:04.04-04
601,klinklang,5,600,305,-1,30,50,0,20,0,0,0,0,602,2021-09-29 11:07:04.04-04,2021-09-29 11:07:04.04-04
602,tynamo,5,,306,4,190,70,0,20,0,0,0,0,603,2021-09-29 11:07:04.04-04,2021-09-29 11:07:04.04-04
603,eelektrik,5,602,306,4,60,70,0,20,0,0,0,0,604,2021-09-29 11:07:04.04-04,2021-09-29 11:07:04.04-04
604,eelektross,5,603,306,4,30,70,0,20,0,0,0,0,605,2021-09-29 11:07:04.04-04,2021-09-29 11:07:04.04-04
605,elgyem,5,,307,4,255,50,0,20,0,0,0,0,606,2021-09-29 11:07:04.04-04,2021-09-29 11:07:04.04-04
606,beheeyem,5,605,307,4,90,50,0,20,0,0,0,0,607,2021-09-29 11:07:04.04-04,2021-09-29 11:07:04.04-04
607,litwick,5,,308,4,190,50,0,20,0,0,0,0,608,2021-09-29 11:07:04.04-04,2021-09-29 11:07:04.04-04
608,lampent,5,607,308,4,90,50,0,20,0,0,0,0,609,2021-09-29 11:07:04.04-04,2021-09-29 11:07:04.04-04
609,chandelure,5,608,308,4,45,50,0,20,0,0,0,0,610,2021-09-29 11:07:04.04-04,2021-09-29 11:07:04.04-04
610,axew,5,,309,4,75,35,0,40,0,0,0,0,611,2021-09-29 11:07:04.04-04,2021-09-29 11:07:04.04-04
611,fraxure,5,610,309,4,60,35,0,40,0,0,0,0,612,2021-09-29 11:07:04.04-04,2021-09-29 11:07:04.04-04
612,haxorus,5,611,309,4,45,35,0,40,0,0,0,0,613,2021-09-29 11:07:04.04-04,2021-09-29 11:07:04.04-04
613,cubchoo,5,,310,4,120,50,0,20,0,0,0,0,614,2021-09-29 11:07:04.04-04,2021-09-29 11:07:04.04-04
614,beartic,5,613,310,4,60,50,0,20,0,0,0,0,615,2021-09-29 11:07:04.04-04,2021-09-29 11:07:04.04-04
615,cryogonal,5,,311,-1,25,50,0,25,0,0,0,0,616,2021-09-29 11:07:04.04-04,2021-09-29 11:07:04.04-04
616,shelmet,5,,312,4,200,50,0,15,0,0,0,0,617,2021-09-29 11:07:04.04-04,2021-09-29 11:07:04.04-04
617,accelgor,5,616,312,4,75,50,0,15,0,0,0,0,618,2021-09-29 11:07:04.04-04,2021-09-29 11:07:04.04-04
618,stunfisk,5,,313,4,75,70,0,20,0,0,0,0,619,2021-09-29 11:07:04.04-04,2021-09-29 11:07:04.04-04
619,mienfoo,5,,314,4,180,50,0,25,0,0,0,0,620,2021-09-29 11:07:04.04-04,2021-09-29 11:07:04.04-04
620,mienshao,5,619,314,4,45,50,0,25,0,0,0,0,621,2021-09-29 11:07:04.04-04,2021-09-29 11:07:04.04-04
621,druddigon,5,,315,4,45,50,0,30,0,0,0,0,622,2021-09-29 11:07:04.04-04,2021-09-29 11:07:04.04-04
622,golett,5,,316,-1,190,50,0,25,0,0,0,0,623,2021-09-29 11:07:04.04-04,2021-09-29 11:07:04.04-04
623,golurk,5,622,316,-1,90,50,0,25,0,0,0,0,624,2021-09-29 11:07:04.04-04,2021-09-29 11:07:04.04-04
624,pawniard,5,,317,4,120,35,0,20,0,0,0,0,625,2021-09-29 11:07:04.04-04,2021-09-29 11:07:04.04-04
625,bisharp,5,624,317,4,45,35,0,20,0,0,0,0,626,2021-09-29 11:07:04.04-04,2021-09-29 11:07:04.04-04
626,bouffalant,5,,318,4,45,50,0,20,0,0,0,0,627,2021-09-29 11:07:04.04-04,2021-09-29 11:07:04.04-04
627,rufflet,5,,319,0,190,50,0,20,0,0,0,0,628,2021-09-29 11:07:04.04-04,2021-09-29 11:07:04.04-04
628,braviary,5,627,319,0,60,50,0,20,0,0,0,0,629,2021-09-29 11:07:04.04-04,2021-09-29 11:07:04.04-04
629,vullaby,5,,320,8,190,35,0,20,0,0,0,0,630,2021-09-29 11:07:04.04-04,2021-09-29 11:07:04.04-04
630,mandibuzz,5,629,320,8,60,35,0,20,0,0,0,0,631,2021-09-29 11:07:04.04-04,2021-09-29 11:07:04.04-04
631,heatmor,5,,321,4,90,50,0,20,0,0,0,0,632,2021-09-29 11:07:04.04-04,2021-09-29 11:07:04.04-04
632,durant,5,,322,4,90,50,0,20,0,0,0,0,633,2021-09-29 11:07:04.04-04,2021-09-29 11:07:04.04-04
633,deino,5,,323,4,45,35,0,40,0,0,0,0,634,2021-09-29 11:07:04.04-04,2021-09-29 11:07:04.04-04
634,zweilous,5,633,323,4,45,35,0,40,0,0,0,0,635,2021-09-29 11:07:04.04-04,2021-09-29 11:07:04.04-04
635,hydreigon,5,634,323,4,45,35,0,40,0,0,0,0,636,2021-09-29 11:07:04.04-04,2021-09-29 11:07:04.04-04
636,larvesta,5,,324,4,45,50,0,40,0,0,0,0,637,2021-09-29 11:07:04.04-04,2021-09-29 11:07:04.04-04
637,volcarona,5,636,324,4,15,50,0,40,0,0,0,0,638,2021-09-29 11:07:04.04-04,2021-09-29 11:07:04.04-04
638,cobalion,5,,325,-1,3,35,0,80,0,0,1,0,639,2021-09-29 11:07:04.04-04,2021-09-29 11:07:04.04-04
639,terrakion,5,,326,-1,3,35,0,80,0,0,1,0,640,2021-09-29 11:07:04.04-04,2021-09-29 11:07:04.04-04
640,virizion,5,,327,-1,3,35,0,80,0,0,1,0,641,2021-09-29 11:07:04.04-04,2021-09-29 11:07:04.04-04
641,tornadus,5,,328,0,3,90,0,120,0,1,1,0,642,2021-09-29 11:07:04.04-04,2021-09-29 11:07:04.04-04
642,thundurus,5,,329,0,3,90,0,120,0,1,1,0,643,2021-09-29 11:07:04.04-04,2021-09-29 11:07:04.04-04
643,reshiram,5,,330,-1,3,0,0,120,0,0,1,0,644,2021-09-29 11:07:04.04-04,2021-09-29 11:07:04.04-04
644,zekrom,5,,331,-1,3,0,0,120,0,0,1,0,645,2021-09-29 11:07:04.04-04,2021-09-29 11:07:04.04-04
645,landorus,5,,332,0,3,90,0,120,0,1,1,0,646,2021-09-29 11:07:04.04-04,2021-09-29 11:07:04.04-04
646,kyurem,5,,333,-1,3,0,0,120,0,1,1,0,647,2021-09-29 11:07:04.04-04,2021-09-29 11:07:04.04-04
647,keldeo,5,,334,-1,3,35,0,80,0,1,0,1,648,2021-09-29 11:07:04.04-04,2021-09-29 11:07:04.04-04
648,meloetta,5,,335,-1,3,100,0,120,0,1,0,1,649,2021-09-29 11:07:04.04-04,2021-09-29 11:07:04.04-04
649,genesect,5,,336,-1,3,0,0,120,0,1,0,1,650,2021-09-29 11:07:04.04-04,2021-09-29 11:07:04.04-04
650,chespin,6,,337,1,45,70,0,20,0,0,0,0,651,2021-09-29 11:07:04.04-04,2021-09-29 11:07:04.04-04
651,quilladin,6,650,337,1,45,70,0,20,0,0,0,0,652,2021-09-29 11:07:04.04-04,2021-09-29 11:07:04.04-04
652,chesnaught,6,651,337,1,45,70,0,20,0,0,0,0,653,2021-09-29 11:07:04.04-04,2021-09-29 11:07:04.04-04
653,fennekin,6,,338,1,45,70,0,20,0,0,0,0,654,2021-09-29 11:07:04.04-04,2021-09-29 11:07:04.04-04
654,braixen,6,653,338,1,45,70,0,20,0,0,0,0,655,2021-09-29 11:07:04.04-04,2021-09-29 11:07:04.04-04
655,delphox,6,654,338,1,45,70,0,20,0,0,0,0,656,2021-09-29 11:07:04.04-04,2021-09-29 11:07:04.04-04
656,froakie,6,,339,1,45,70,0,20,0,0,0,0,657,2021-09-29 11:07:04.04-04,2021-09-29 11:07:04.04-04
657,frogadier,6,656,339,1,45,70,0,20,0,0,0,0,658,2021-09-29 11:07:04.04-04,2021-09-29 11:07:04.04-04
658,greninja,6,657,339,1,45,70,0,20,0,0,0,0,659,2021-09-29 11:07:04.04-04,2021-09-29 11:07:04.04-04
659,bunnelby,6,,340,4,255,50,0,15,0,0,0,0,660,2021-09-29 11:07:04.04-04,2021-09-29 11:07:04.04-04
660,diggersby,6,659,340,4,127,50,0,15,0,0,0,0,661,2021-09-29 11:07:04.04-04,2021-09-29 11:07:04.04-04
661,fletchling,6,,341,4,255,50,0,15,0,0,0,0,662,2021-09-29 11:07:04.04-04,2021-09-29 11:07:04.04-04
662,fletchinder,6,661,341,4,120,50,0,15,0,0,0,0,663,2021-09-29 11:07:04.04-04,2021-09-29 11:07:04.04-04
663,talonflame,6,662,341,4,45,50,0,15,0,0,0,0,664,2021-09-29 11:07:04.04-04,2021-09-29 11:07:04.04-04
664,scatterbug,6,,342,4,255,70,0,15,0,0,0,0,665,2021-09-29 11:07:04.04-04,2021-09-29 11:07:04.04-04
665,spewpa,6,664,342,4,120,70,0,15,0,0,0,0,666,2021-09-29 11:07:04.04-04,2021-09-29 11:07:04.04-04
666,vivillon,6,665,342,4,45,70,0,15,0,0,0,0,667,2021-09-29 11:07:04.04-04,2021-09-29 11:07:04.04-04
667,litleo,6,,343,7,220,70,0,20,0,0,0,0,668,2021-09-29 11:07:04.04-04,2021-09-29 11:07:04.04-04
668,pyroar,6,667,343,7,65,70,0,20,1,0,0,0,669,2021-09-29 11:07:04.04-04,2021-09-29 11:07:04.04-04
669,flabebe,6,,344,8,225,70,0,20,0,0,0,0,670,2021-09-29 11:07:04.04-04,2021-09-29 11:07:04.04-04
670,floette,6,669,344,8,120,70,0,20,0,0,0,0,671,2021-09-29 11:07:04.04-04,2021-09-29 11:07:04.04-04
671,florges,6,670,344,8,45,70,0,20,0,0,0,0,672,2021-09-29 11:07:04.04-04,2021-09-29 11:07:04.04-04
672,skiddo,6,,345,4,200,70,0,20,0,0,0,0,673,2021-09-29 11:07:04.04-04,2021-09-29 11:07:04.04-04
673,gogoat,6,672,345,4,45,70,0,20,0,0,0,0,674,2021-09-29 11:07:04.04-04,2021-09-29 11:07:04.04-04
674,pancham,6,,346,4,220,50,0,25,0,0,0,0,675,2021-09-29 11:07:04.04-04,2021-09-29 11:07:04.04-04
675,pangoro,6,674,346,4,65,50,0,25,0,0,0,0,676,2021-09-29 11:07:04.04-04,2021-09-29 11:07:04.04-04
676,furfrou,6,,347,4,160,70,0,20,0,1,0,0,677,2021-09-29 11:07:04.04-04,2021-09-29 11:07:04.04-04
677,espurr,6,,348,4,190,50,0,20,0,0,0,0,678,2021-09-29 11:07:04.04-04,2021-09-29 11:07:04.04-04
678,meowstic,6,677,348,0,75,50,0,20,1,0,0,0,679,2021-09-29 11:07:04.04-04,2021-09-29 11:07:04.04-04
679,honedge,6,,349,4,180,50,0,20,0,0,0,0,680,2021-09-29 11:07:04.04-04,2021-09-29 11:07:04.04-04
680,doublade,6,679,349,4,90,50,0,20,0,0,0,0,681,2021-09-29 11:07:04.04-04,2021-09-29 11:07:04.04-04
681,aegislash,6,680,349,4,45,50,0,20,0,1,0,0,682,2021-09-29 11:07:04.04-04,2021-09-29 11:07:04.04-04
682,spritzee,6,,350,4,200,50,0,20,0,0,0,0,683,2021-09-29 11:07:04.04-04,2021-09-29 11:07:04.04-04
683,aromatisse,6,682,350,4,140,50,0,20,0,0,0,0,684,2021-09-29 11:07:04.04-04,2021-09-29 11:07:04.04-04
684,swirlix,6,,351,4,200,50,0,20,0,0,0,0,685,2021-09-29 11:07:04.04-04,2021-09-29 11:07:04.04-04
685,slurpuff,6,684,351,4,140,50,0,20,0,0,0,0,686,2021-09-29 11:07:04.04-04,2021-09-29 11:07:04.04-04
686,inkay,6,,352,4,190,50,0,20,0,0,0,0,687,2021-09-29 11:07:04.04-04,2021-09-29 11:07:04.04-04
687,malamar,6,686,352,4,80,50,0,20,0,0,0,0,688,2021-09-29 11:07:04.04-04,2021-09-29 11:07:04.04-04
688,binacle,6,,353,4,120,50,0,20,0,0,0,0,689,2021-09-29 11:07:04.04-04,2021-09-29 11:07:04.04-04
689,barbaracle,6,688,353,4,45,50,0,20,0,0,0,0,690,2021-09-29 11:07:04.04-04,2021-09-29 11:07:04.04-04
690,skrelp,6,,354,4,225,50,0,20,0,0,0,0,691,2021-09-29 11:07:04.04-04,2021-09-29 11:07:04.04-04
691,dragalge,6,690,354,4,55,50,0,20,0,0,0,0,692,2021-09-29 11:07:04.04-04,2021-09-29 11:07:04.04-04
692,clauncher,6,,355,4,225,50,0,15,0,0,0,0,693,2021-09-29 11:07:04.04-04,2021-09-29 11:07:04.04-04
693,clawitzer,6,692,355,4,55,50,0,15,0,0,0,0,694,2021-09-29 11:07:04.04-04,2021-09-29 11:07:04.04-04
694,helioptile,6,,356,4,190,50,0,20,0,0,0,0,695,2021-09-29 11:07:04.04-04,2021-09-29 11:07:04.04-04
695,heliolisk,6,694,356,4,75,50,0,20,0,0,0,0,696,2021-09-29 11:07:04.04-04,2021-09-29 11:07:04.04-04
696,tyrunt,6,,357,1,45,50,0,30,0,0,0,0,697,2021-09-29 11:07:04.04-04,2021-09-29 11:07:04.04-04
697,tyrantrum,6,696,357,1,45,50,0,30,0,0,0,0,698,2021-09-29 11:07:04.04-04,2021-09-29 11:07:04.04-04
698,amaura,6,,358,1,45,50,0,30,0,0,0,0,699,2021-09-29 11:07:04.04-04,2021-09-29 11:07:04.04-04
699,aurorus,6,698,358,1,45,50,0,30,0,0,0,0,700,2021-09-29 11:07:04.04-04,2021-09-29 11:07:04.04-04
700,sylveon,6,133,67,1,45,50,0,35,0,0,0,0,165,2021-09-29 11:07:04.04-04,2021-09-29 11:07:04.04-04
701,hawlucha,6,,359,4,100,50,0,20,0,0,0,0,701,2021-09-29 11:07:04.04-04,2021-09-29 11:07:04.04-04
702,dedenne,6,,360,4,180,50,0,20,0,0,0,0,702,2021-09-29 11:07:04.04-04,2021-09-29 11:07:04.04-04
703,carbink,6,,361,-1,60,50,0,25,0,0,0,0,703,2021-09-29 11:07:04.04-04,2021-09-29 11:07:04.04-04
704,goomy,6,,362,4,45,35,0,40,0,0,0,0,704,2021-09-29 11:07:04.04-04,2021-09-29 11:07:04.04-04
705,sliggoo,6,704,362,4,45,35,0,40,0,0,0,0,705,2021-09-29 11:07:04.04-04,2021-09-29 11:07:04.04-04
706,goodra,6,705,362,4,45,35,0,40,0,0,0,0,706,2021-09-29 11:07:04.04-04,2021-09-29 11:07:04.04-04
707,klefki,6,,363,4,75,50,0,20,0,0,0,0,707,2021-09-29 11:07:04.04-04,2021-09-29 11:07:04.04-04
708,phantump,6,,364,4,120,50,0,20,0,0,0,0,708,2021-09-29 11:07:04.04-04,2021-09-29 11:07:04.04-04
709,trevenant,6,708,364,4,60,50,0,20,0,0,0,0,709,2021-09-29 11:07:04.04-04,2021-09-29 11:07:04.04-04
710,pumpkaboo,6,,365,4,120,50,0,20,0,0,0,0,710,2021-09-29 11:07:04.04-04,2021-09-29 11:07:04.04-04
711,gourgeist,6,710,365,4,60,50,0,20,0,0,0,0,711,2021-09-29 11:07:04.04-04,2021-09-29 11:07:04.04-04
712,bergmite,6,,366,4,190,50,0,20,0,0,0,0,712,2021-09-29 11:07:04.04-04,2021-09-29 11:07:04.04-04
713,avalugg,6,712,366,4,55,50,0,20,0,0,0,0,713,2021-09-29 11:07:04.04-04,2021-09-29 11:07:04.04-04
714,noibat,6,,367,4,190,50,0,20,0,0,0,0,714,2021-09-29 11:07:04.04-04,2021-09-29 11:07:04.04-04
715,noivern,6,714,367,4,45,50,0,20,0,0,0,0,715,2021-09-29 11:07:04.04-04,2021-09-29 11:07:04.04-04
716,xerneas,6,,368,-1,45,0,0,120,0,1,1,0,716,2021-09-29 11:07:04.04-04,2021-09-29 11:07:04.04-04
717,yveltal,6,,369,-1,45,0,0,120,0,0,1,0,717,2021-09-29 11:07:04.04-04,2021-09-29 11:07:04.04-04
718,zygarde,6,,370,-1,3,0,0,120,0,0,1,0,718,2021-09-29 11:07:04.04-04,2021-09-29 11:07:04.04-04
719,diancie,6,,371,-1,3,50,0,25,0,1,0,1,719,2021-09-29 11:07:04.04-04,2021-09-29 11:07:04.04-04
720,hoopa,6,,372,-1,3,100,0,120,0,0,0,1,720,2021-09-29 11:07:04.04-04,2021-09-29 11:07:04.04-04
721,volcanion,6,,373,-1,3,100,0,120,0,0,0,1,721,2021-09-29 11:07:04.04-04,2021-09-29 11:07:04.04-04
722,rowlet,7,,374,1,45,50,0,15,0,0,0,0,722,2021-09-29 11:07:04.04-04,2021-09-29 11:07:04.04-04
723,dartrix,7,722,374,1,45,50,0,15,0,0,0,0,723,2021-09-29 11:07:04.04-04,2021-09-29 11:07:04.04-04
724,decidueye,7,723,374,1,45,50,0,15,0,0,0,0,724,2021-09-29 11:07:04.04-04,2021-09-29 11:07:04.04-04
725,litten,7,,375,1,45,50,0,15,0,0,0,0,725,2021-09-29 11:07:04.04-04,2021-09-29 11:07:04.04-04
726,torracat,7,725,375,1,45,50,0,15,0,0,0,0,726,2021-09-29 11:07:04.04-04,2021-09-29 11:07:04.04-04
727,incineroar,7,726,375,1,45,50,0,15,0,0,0,0,727,2021-09-29 11:07:04.04-04,2021-09-29 11:07:04.04-04
728,popplio,7,,376,1,45,50,0,15,0,0,0,0,728,2021-09-29 11:07:04.04-04,2021-09-29 11:07:04.04-04
729,brionne,7,728,376,1,45,50,0,15,0,0,0,0,729,2021-09-29 11:07:04.04-04,2021-09-29 11:07:04.04-04
730,primarina,7,729,376,1,45,50,0,15,0,0,0,0,730,2021-09-29 11:07:04.04-04,2021-09-29 11:07:04.04-04
731,pikipek,7,,377,4,255,70,0,15,0,0,0,0,731,2021-09-29 11:07:04.04-04,2021-09-29 11:07:04.04-04
732,trumbeak,7,731,377,4,120,70,0,15,0,0,0,0,732,2021-09-29 11:07:04.04-04,2021-09-29 11:07:04.04-04
733,toucannon,7,732,377,4,45,70,0,15,0,0,0,0,733,2021-09-29 11:07:04.04-04,2021-09-29 11:07:04.04-04
734,yungoos,7,,378,4,255,70,0,15,0,0,0,0,734,2021-09-29 11:07:04.04-04,2021-09-29 11:07:04.04-04
735,gumshoos,7,734,378,4,127,70,0,15,0,0,0,0,735,2021-09-29 11:07:04.04-04,2021-09-29 11:07:04.04-04
736,grubbin,7,,379,4,255,50,0,15,0,0,0,0,736,2021-09-29 11:07:04.04-04,2021-09-29 11:07:04.04-04
737,charjabug,7,736,379,4,120,50,0,15,0,0,0,0,737,2021-09-29 11:07:04.04-04,2021-09-29 11:07:04.04-04
738,vikavolt,7,737,379,4,45,50,0,15,0,0,0,0,738,2021-09-29 11:07:04.04-04,2021-09-29 11:07:04.04-04
739,crabrawler,7,,380,4,225,70,0,20,0,0,0,0,739,2021-09-29 11:07:04.04-04,2021-09-29 11:07:04.04-04
740,crabominable,7,739,380,4,60,70,0,20,0,0,0,0,740,2021-09-29 11:07:04.04-04,2021-09-29 11:07:04.04-04
741,oricorio,7,,381,6,45,70,0,20,0,0,0,0,741,2021-09-29 11:07:04.04-04,2021-09-29 11:07:04.04-04
742,cutiefly,7,,382,4,190,50,0,20,0,0,0,0,742,2021-09-29 11:07:04.04-04,2021-09-29 11:07:04.04-04
743,ribombee,7,742,382,4,75,50,0,20,0,0,0,0,743,2021-09-29 11:07:04.04-04,2021-09-29 11:07:04.04-04
744,rockruff,7,,383,4,190,50,0,15,0,0,0,0,744,2021-09-29 11:07:04.04-04,2021-09-29 11:07:04.04-04
745,lycanroc,7,744,383,4,90,50,0,15,0,0,0,0,745,2021-09-29 11:07:04.04-04,2021-09-29 11:07:04.04-04
746,wishiwashi,7,,384,4,60,50,0,15,0,0,0,0,746,2021-09-29 11:07:04.04-04,2021-09-29 11:07:04.04-04
747,mareanie,7,,385,4,190,50,0,20,0,0,0,0,747,2021-09-29 11:07:04.04-04,2021-09-29 11:07:04.04-04
748,toxapex,7,747,385,4,75,50,0,20,0,0,0,0,748,2021-09-29 11:07:04.04-04,2021-09-29 11:07:04.04-04
749,mudbray,7,,386,4,190,50,0,20,0,0,0,0,749,2021-09-29 11:07:04.04-04,2021-09-29 11:07:04.04-04
750,mudsdale,7,749,386,4,60,50,0,20,0,0,0,0,750,2021-09-29 11:07:04.04-04,2021-09-29 11:07:04.04-04
751,dewpider,7,,387,4,200,50,0,15,0,0,0,0,751,2021-09-29 11:07:04.04-04,2021-09-29 11:07:04.04-04
752,araquanid,7,751,387,4,100,50,0,15,0,0,0,0,752,2021-09-29 11:07:04.04-04,2021-09-29 11:07:04.04-04
753,fomantis,7,,388,4,190,50,0,20,0,0,0,0,753,2021-09-29 11:07:04.04-04,2021-09-29 11:07:04.04-04
754,lurantis,7,753,388,4,75,50,0,20,0,0,0,0,754,2021-09-29 11:07:04.04-04,2021-09-29 11:07:04.04-04
755,morelull,7,,389,4,190,50,0,20,0,0,0,0,755,2021-09-29 11:07:04.04-04,2021-09-29 11:07:04.04-04
756,shiinotic,7,755,389,4,75,50,0,20,0,0,0,0,756,2021-09-29 11:07:04.04-04,2021-09-29 11:07:04.04-04
757,salandit,7,,390,1,120,50,0,20,0,0,0,0,757,2021-09-29 11:07:04.04-04,2021-09-29 11:07:04.04-04
758,salazzle,7,757,390,8,45,50,0,20,0,0,0,0,758,2021-09-29 11:07:04.04-04,2021-09-29 11:07:04.04-04
759,stufful,7,,391,4,140,50,0,15,0,0,0,0,759,2021-09-29 11:07:04.04-04,2021-09-29 11:07:04.04-04
760,bewear,7,759,391,4,70,50,0,15,0,0,0,0,760,2021-09-29 11:07:04.04-04,2021-09-29 11:07:04.04-04
761,bounsweet,7,,392,8,235,50,0,20,0,0,0,0,761,2021-09-29 11:07:04.04-04,2021-09-29 11:07:04.04-04
762,steenee,7,761,392,8,120,50,0,20,0,0,0,0,762,2021-09-29 11:07:04.04-04,2021-09-29 11:07:04.04-04
763,tsareena,7,762,392,8,45,50,0,20,0,0,0,0,763,2021-09-29 11:07:04.04-04,2021-09-29 11:07:04.04-04
764,comfey,7,,393,6,60,50,0,20,0,0,0,0,764,2021-09-29 11:07:04.04-04,2021-09-29 11:07:04.04-04
765,oranguru,7,,394,4,45,50,0,20,0,0,0,0,765,2021-09-29 11:07:04.04-04,2021-09-29 11:07:04.04-04
766,passimian,7,,395,4,45,50,0,20,0,0,0,0,766,2021-09-29 11:07:04.04-04,2021-09-29 11:07:04.04-04
767,wimpod,7,,396,4,90,50,0,20,0,0,0,0,767,2021-09-29 11:07:04.04-04,2021-09-29 11:07:04.04-04
768,golisopod,7,767,396,4,45,50,0,20,0,0,0,0,768,2021-09-29 11:07:04.04-04,2021-09-29 11:07:04.04-04
769,sandygast,7,,397,4,140,50,0,15,0,0,0,0,769,2021-09-29 11:07:04.04-04,2021-09-29 11:07:04.04-04
770,palossand,7,769,397,4,60,50,0,15,0,0,0,0,770,2021-09-29 11:07:04.04-04,2021-09-29 11:07:04.04-04
771,pyukumuku,7,,398,4,60,50,0,15,0,0,0,0,771,2021-09-29 11:07:04.04-04,2021-09-29 11:07:04.04-04
772,type-null,7,,399,-1,3,0,0,120,0,0,0,0,772,2021-09-29 11:07:04.04-04,2021-09-29 11:07:04.04-04
773,silvally,7,772,399,-1,3,0,0,120,0,0,0,0,773,2021-09-29 11:07:04.04-04,2021-09-29 11:07:04.04-04
774,minior,7,,400,-1,30,70,0,25,0,0,0,0,774,2021-09-29 11:07:04.04-04,2021-09-29 11:07:04.04-04
775,komala,7,,401,4,45,70,0,20,0,0,0,0,775,2021-09-29 11:07:04.04-04,2021-09-29 11:07:04.04-04
776,turtonator,7,,402,4,70,50,0,20,0,0,0,0,776,2021-09-29 11:07:04.04-04,2021-09-29 11:07:04.04-04
777,togedemaru,7,,403,4,180,50,0,10,0,0,0,0,777,2021-09-29 11:07:04.04-04,2021-09-29 11:07:04.04-04
778,mimikyu,7,,404,4,45,50,0,20,0,0,0,0,778,2021-09-29 11:07:04.04-04,2021-09-29 11:07:04.04-04
779,bruxish,7,,405,4,80,70,0,15,0,0,0,0,779,2021-09-29 11:07:04.04-04,2021-09-29 11:07:04.04-04
780,drampa,7,,406,4,70,50,0,20,0,0,0,0,780,2021-09-29 11:07:04.04-04,2021-09-29 11:07:04.04-04
781,dhelmise,7,,407,-1,25,50,0,25,0,0,0,0,781,2021-09-29 11:07:04.04-04,2021-09-29 11:07:04.04-04
782,jangmo-o,7,,408,4,45,50,0,40,0,0,0,0,782,2021-09-29 11:07:04.04-04,2021-09-29 11:07:04.04-04
783,hakamo-o,7,782,408,4,45,50,0,40,0,0,0,0,783,2021-09-29 11:07:04.04-04,2021-09-29 11:07:04.04-04
784,kommo-o,7,783,408,4,45,50,0,40,0,0,0,0,784,2021-09-29 11:07:04.04-04,2021-09-29 11:07:04.04-04
785,tapu-koko,7,,409,-1,3,50,0,15,0,0,1,0,785,2021-09-29 11:07:04.04-04,2021-09-29 11:07:04.04-04
786,tapu-lele,7,,410,-1,3,50,0,15,0,0,1,0,786,2021-09-29 11:07:04.04-04,2021-09-29 11:07:04.04-04
787,tapu-bulu,7,,411,-1,3,50,0,15,0,0,1,0,787,2021-09-29 11:07:04.04-04,2021-09-29 11:07:04.04-04
788,tapu-fini,7,,412,-1,3,50,0,15,0,0,1,0,788,2021-09-29 11:07:04.04-04,2021-09-29 11:07:04.04-04
789,cosmog,7,,413,-1,45,0,0,120,0,0,1,0,789,2021-09-29 11:07:04.04-04,2021-09-29 11:07:04.04-04
790,cosmoem,7,789,413,-1,45,0,0,120,0,0,1,0,790,2021-09-29 11:07:04.04-04,2021-09-29 11:07:04.04-04
791,solgaleo,7,790,413,-1,45,0,0,120,0,0,1,0,791,2021-09-29 11:07:04.04-04,2021-09-29 11:07:04.04-04
792,lunala,7,790,413,-1,45,0,0,120,0,0,1,0,792,2021-09-29 11:07:04.04-04,2021-09-29 11:07:04.04-04
793,nihilego,7,,414,-1,45,0,0,120,0,0,0,0,793,2021-09-29 11:07:04.04-04,2021-09-29 11:07:04.04-04
794,buzzwole,7,,415,-1,45,0,0,120,0,0,0,0,794,2021-09-29 11:07:04.04-04,2021-09-29 11:07:04.04-04
795,pheromosa,7,,416,-1,45,0,0,120,0,0,0,0,795,2021-09-29 11:07:04.04-04,2021-09-29 11:07:04.04-04
796,xurkitree,7,,417,-1,45,0,0,120,0,0,0,0,796,2021-09-29 11:07:04.04-04,2021-09-29 11:07:04.04-04
797,celesteela,7,,418,-1,45,0,0,120,0,0,0,0,797,2021-09-29 11:07:04.04-04,2021-09-29 11:07:04.04-04
798,kartana,7,,419,-1,45,0,0,120,0,0,0,0,798,2021-09-29 11:07:04.04-04,2021-09-29 11:07:04.04-04
799,guzzlord,7,,420,-1,45,0,0,120,0,0,0,0,799,2021-09-29 11:07:04.04-04,2021-09-29 11:07:04.04-04
800,necrozma,7,,421,-1,255,0,0,120,0,0,1,0,800,2021-09-29 11:07:04.04-04,2021-09-29 11:07:04.04-04
801,magearna,7,,422,-1,3,0,0,120,0,0,0,1,801,2021-09-29 11:07:04.04-04,2021-09-29 11:07:04.04-04
802,marshadow,7,,423,-1,3,0,0,120,0,0,0,1,802,2021-09-29 11:07:04.04-04,2021-09-29 11:07:04.04-04
803,poipole,7,,424,-1,45,0,0,120,0,0,0,0,803,2021-09-29 11:07:04.04-04,2021-09-29 11:07:04.04-04
804,naganadel,7,803,424,-1,45,0,0,120,0,0,0,0,804,2021-09-29 11:07:04.04-04,2021-09-29 11:07:04.04-04
805,stakataka,7,,425,-1,30,0,0,120,0,0,0,0,805,2021-09-29 11:07:04.04-04,2021-09-29 11:07:04.04-04
806,blacephalon,7,,426,-1,30,0,0,120,0,0,0,0,806,2021-09-29 11:07:04.04-04,2021-09-29 11:07:04.04-04
807,zeraora,7,,427,-1,3,0,0,120,0,0,0,1,807,2021-09-29 11:07:04.04-04,2021-09-29 11:07:04.04-04
808,meltan,7,,428,-1,3,0,0,120,0,0,0,1,808,2021-09-29 11:07:04.04-04,2021-09-29 11:07:04.04-04
809,melmetal,7,,429,-1,3,0,0,120,0,0,0,1,809,2021-09-29 11:07:04.04-04,2021-09-29 11:07:04.04-04
810,grookey,8,,430,1,45,50,0,20,0,0,0,0,810,2021-09-29 11:07:04.04-04,2021-09-29 11:07:04.04-04
811,thwackey,8,810,430,1,45,50,0,20,0,0,0,0,811,2021-09-29 11:07:04.04-04,2021-09-29 11:07:04.04-04
812,rillaboom,8,811,430,1,45,50,0,20,0,0,0,0,812,2021-09-29 11:07:04.04-04,2021-09-29 11:07:04.04-04
813,scorbunny,8,,431,1,45,50,0,20,0,0,0,0,813,2021-09-29 11:07:04.04-04,2021-09-29 11:07:04.04-04
814,raboot,8,813,431,1,45,50,0,20,0,0,0,0,814,2021-09-29 11:07:04.04-04,2021-09-29 11:07:04.04-04
815,cinderace,8,814,431,1,45,50,0,20,0,0,0,0,815,2021-09-29 11:07:04.04-04,2021-09-29 11:07:04.04-04
816,sobble,8,,432,1,45,50,0,20,0,0,0,0,816,2021-09-29 11:07:04.04-04,2021-09-29 11:07:04.04-04
817,drizzile,8,816,432,1,45,50,0,20,0,0,0,0,817,2021-09-29 11:07:04.04-04,2021-09-29 11:07:04.04-04
818,inteleon,8,817,432,1,45,50,0,20,0,0,0,0,818,2021-09-29 11:07:04.04-04,2021-09-29 11:07:04.04-04
819,skwovet,8,,433,4,255,50,0,20,0,0,0,0,819,2021-09-29 11:07:04.04-04,2021-09-29 11:07:04.04-04
820,greedent,8,819,433,4,90,50,0,20,0,0,0,0,820,2021-09-29 11:07:04.04-04,2021-09-29 11:07:04.04-04
821,rookidee,8,,434,4,255,50,0,15,0,0,0,0,821,2021-09-29 11:07:04.04-04,2021-09-29 11:07:04.04-04
822,corvisquire,8,821,434,4,120,50,0,15,0,0,0,0,822,2021-09-29 11:07:04.04-04,2021-09-29 11:07:04.04-04
823,corviknight,8,822,434,4,45,50,0,15,0,0,0,0,823,2021-09-29 11:07:04.04-04,2021-09-29 11:07:04.04-04
824,blipbug,8,,435,4,255,50,0,15,0,0,0,0,824,2021-09-29 11:07:04.04-04,2021-09-29 11:07:04.04-04
825,dottler,8,824,435,4,120,50,0,15,0,0,0,0,825,2021-09-29 11:07:04.04-04,2021-09-29 11:07:04.04-04
826,orbeetle,8,825,435,4,45,50,0,15,0,0,0,0,826,2021-09-29 11:07:04.04-04,2021-09-29 11:07:04.04-04
827,nickit,8,,436,4,255,50,0,15,0,0,0,0,827,2021-09-29 11:07:04.04-04,2021-09-29 11:07:04.04-04
828,thievul,8,827,436,4,127,50,0,15,0,0,0,0,828,2021-09-29 11:07:04.04-04,2021-09-29 11:07:04.04-04
829,gossifleur,8,,437,4,190,50,0,20,0,0,0,0,829,2021-09-29 11:07:04.04-04,2021-09-29 11:07:04.04-04
830,eldegoss,8,829,437,4,75,50,0,20,0,0,0,0,830,2021-09-29 11:07:04.04-04,2021-09-29 11:07:04.04-04
831,wooloo,8,,438,4,255,50,0,15,0,0,0,0,831,2021-09-29 11:07:04.04-04,2021-09-29 11:07:04.04-04
832,dubwool,8,831,438,4,127,50,0,15,0,0,0,0,832,2021-09-29 11:07:04.04-04,2021-09-29 11:07:04.04-04
833,chewtle,8,,439,4,255,50,0,20,0,0,0,0,833,2021-09-29 11:07:04.04-04,2021-09-29 11:07:04.04-04
834,drednaw,8,833,439,4,75,50,0,20,0,0,0,0,834,2021-09-29 11:07:04.04-04,2021-09-29 11:07:04.04-04
835,yamper,8,,440,4,255,50,0,20,0,0,0,0,835,2021-09-29 11:07:04.04-04,2021-09-29 11:07:04.04-04
836,boltund,8,835,440,4,45,50,0,20,0,0,0,0,836,2021-09-29 11:07:04.04-04,2021-09-29 11:07:04.04-04
837,rolycoly,8,,441,4,255,50,0,15,0,0,0,0,837,2021-09-29 11:07:04.04-04,2021-09-29 11:07:04.04-04
838,carkol,8,837,441,4,120,50,0,15,0,0,0,0,838,2021-09-29 11:07:04.04-04,2021-09-29 11:07:04.04-04
839,coalossal,8,838,441,4,45,50,0,15,0,0,0,0,839,2021-09-29 11:07:04.04-04,2021-09-29 11:07:04.04-04
840,applin,8,,442,4,255,50,0,20,0,0,0,0,840,2021-09-29 11:07:04.04-04,2021-09-29 11:07:04.04-04
841,flapple,8,840,442,4,45,50,0,20,0,0,0,0,841,2021-09-29 11:07:04.04-04,2021-09-29 11:07:04.04-04
842,appletun,8,840,442,4,45,50,0,20,0,0,0,0,842,2021-09-29 11:07:04.04-04,2021-09-29 11:07:04.04-04
843,silicobra,8,,443,4,255,50,0,20,0,0,0,0,843,2021-09-29 11:07:04.04-04,2021-09-29 11:07:04.04-04
844,sandaconda,8,843,443,4,120,50,0,20,0,0,0,0,844,2021-09-29 11:07:04.04-04,2021-09-29 11:07:04.04-04
845,cramorant,8,,444,4,45,50,0,20,0,0,0,0,845,2021-09-29 11:07:04.04-04,2021-09-29 11:07:04.04-04
846,arrokuda,8,,445,4,255,50,0,20,0,0,0,0,846,2021-09-29 11:07:04.04-04,2021-09-29 11:07:04.04-04
847,barraskewda,8,846,445,4,60,50,0,20,0,0,0,0,847,2021-09-29 11:07:04.04-04,2021-09-29 11:07:04.04-04
848,toxel,8,,446,4,75,50,1,25,0,0,0,0,848,2021-09-29 11:07:04.04-04,2021-09-29 11:07:04.04-04
849,toxtricity,8,848,446,4,45,50,0,25,0,0,0,0,849,2021-09-29 11:07:04.04-04,2021-09-29 11:07:04.04-04
850,sizzlipede,8,,447,4,190,50,0,20,0,0,0,0,850,2021-09-29 11:07:04.04-04,2021-09-29 11:07:04.04-04
851,centiskorch,8,850,447,4,75,50,0,20,0,0,0,0,851,2021-09-29 11:07:04.04-04,2021-09-29 11:07:04.04-04
852,clobbopus,8,,448,4,180,50,0,25,0,0,0,0,852,2021-09-29 11:07:04.04-04,2021-09-29 11:07:04.04-04
853,grapploct,8,852,448,4,45,50,0,25,0,0,0,0,853,2021-09-29 11:07:04.04-04,2021-09-29 11:07:04.04-04
854,sinistea,8,,449,-1,120,50,0,20,0,0,0,0,854,2021-09-29 11:07:04.04-04,2021-09-29 11:07:04.04-04
855,polteageist,8,854,449,-1,60,50,0,20,0,0,0,0,855,2021-09-29 11:07:04.04-04,2021-09-29 11:07:04.04-04
856,hatenna,8,,450,8,235,50,0,20,0,0,0,0,856,2021-09-29 11:07:04.04-04,2021-09-29 11:07:04.04-04
857,hattrem,8,856,450,8,120,50,0,20,0,0,0,0,857,2021-09-29 11:07:04.04-04,2021-09-29 11:07:04.04-04
858,hatterene,8,857,450,8,45,50,0,20,0,0,0,0,858,2021-09-29 11:07:04.04-04,2021-09-29 11:07:04.04-04
859,impidimp,8,,451,0,255,50,0,20,0,0,0,0,859,2021-09-29 11:07:04.04-04,2021-09-29 11:07:04.04-04
860,morgrem,8,859,451,0,120,50,0,20,0,0,0,0,860,2021-09-29 11:07:04.04-04,2021-09-29 11:07:04.04-04
861,grimmsnarl,8,860,451,0,45,50,0,20,0,0,0,0,861,2021-09-29 11:07:04.04-04,2021-09-29 11:07:04.04-04
862,obstagoon,8,264,134,4,45,50,0,15,0,0,0,0,862,2021-09-29 11:07:04.04-04,2021-09-29 11:07:04.04-04
863,perrserker,8,52,22,4,90,50,0,20,0,0,0,0,863,2021-09-29 11:07:04.04-04,2021-09-29 11:07:04.04-04
864,cursola,8,222,113,6,30,50,0,20,0,0,0,0,864,2021-09-29 11:07:04.04-04,2021-09-29 11:07:04.04-04
865,sirfetchd,8,83,35,4,45,50,0,20,0,0,0,0,865,2021-09-29 11:07:04.04-04,2021-09-29 11:07:04.04-04
866,mr-rime,8,122,57,4,45,50,0,25,0,0,0,0,866,2021-09-29 11:07:04.04-04,2021-09-29 11:07:04.04-04
867,runerigus,8,562,287,4,90,50,0,25,0,0,0,0,867,2021-09-29 11:07:04.04-04,2021-09-29 11:07:04.04-04
868,milcery,8,,452,8,200,50,0,20,0,0,0,0,868,2021-09-29 11:07:04.04-04,2021-09-29 11:07:04.04-04
869,alcremie,8,868,452,8,100,50,0,20,0,0,0,0,869,2021-09-29 11:07:04.04-04,2021-09-29 11:07:04.04-04
870,falinks,8,,453,-1,45,50,0,25,0,0,0,0,870,2021-09-29 11:07:04.04-04,2021-09-29 11:07:04.04-04
871,pincurchin,8,,454,4,75,50,0,20,0,0,0,0,871,2021-09-29 11:07:04.04-04,2021-09-29 11:07:04.04-04
872,snom,8,,455,4,190,50,0,20,0,0,0,0,872,2021-09-29 11:07:04.04-04,2021-09-29 11:07:04.04-04
873,frosmoth,8,872,455,4,75,50,0,20,0,0,0,0,873,2021-09-29 11:07:04.04-04,2021-09-29 11:07:04.04-04
874,stonjourner,8,,456,4,60,50,0,25,0,0,0,0,874,2021-09-29 11:07:04.04-04,2021-09-29 11:07:04.04-04
875,eiscue,8,,457,4,60,50,0,25,0,0,0,0,875,2021-09-29 11:07:04.04-04,2021-09-29 11:07:04.04-04
876,indeedee,8,,458,0,30,140,0,40,0,0,0,0,876,2021-09-29 11:07:04.04-04,2021-09-29 11:07:04.04-04
877,morpeko,8,,459,4,180,50,0,10,0,0,0,0,877,2021-09-29 11:07:04.04-04,2021-09-29 11:07:04.04-04
878,cufant,8,,460,4,190,50,0,25,0,0,0,0,878,2021-09-29 11:07:04.04-04,2021-09-29 11:07:04.04-04
879,copperajah,8,878,460,4,90,50,0,25,0,0,0,0,879,2021-09-29 11:07:04.04-04,2021-09-29 11:07:04.04-04
880,dracozolt,8,,461,-1,45,50,0,35,0,0,0,0,880,2021-09-29 11:07:04.04-04,2021-09-29 11:07:04.04-04
881,arctozolt,8,,462,-1,45,50,0,35,0,0,0,0,881,2021-09-29 11:07:04.04-04,2021-09-29 11:07:04.04-04
882,dracovish,8,,463,-1,45,50,0,35,0,0,0,0,882,2021-09-29 11:07:04.04-04,2021-09-29 11:07:04.04-04
883,arctovish,8,,464,-1,45,50,0,35,0,0,0,0,883,2021-09-29 11:07:04.04-04,2021-09-29 11:07:04.04-04
884,duraludon,8,,465,4,45,50,0,30,0,0,0,0,884,2021-09-29 11:07:04.04-04,2021-09-29 11:07:04.04-04
885,dreepy,8,,466,4,45,50,0,40,0,0,0,0,885,2021-09-29 11:07:04.04-04,2021-09-29 11:07:04.04-04
886,drakloak,8,885,466,4,45,50,0,40,0,0,0,0,886,2021-09-29 11:07:04.04-04,2021-09-29 11:07:04.04-04
887,dragapult,8,886,466,4,45,50,0,40,0,0,0,0,887,2021-09-29 11:07:04.04-04,2021-09-29 11:07:04.04-04
888,zacian,8,,467,-1,10,0,0,120,0,0,1,0,888,2021-09-29 11:07:04.04-04,2021-09-29 11:07:04.04-04
889,zamazenta,8,,468,-1,10,0,0,120,0,0,1,0,889,2021-09-29 11:07:04.04-04,2021-09-29 11:07:04.04-04
890,eternatus,8,,469,-1,255,0,0,120,0,0,1,0,890,2021-09-29 11:07:04.04-04,2021-09-29 11:07:04.04-04
891,kubfu,8,,470,1,3,50,0,120,0,0,1,0,891,2021-09-29 11:07:04.04-04,2021-09-29 11:07:04.04-04
892,urshifu,8,891,470,1,3,50,0,120,0,0,1,0,892,2021-09-29 11:07:04.04-04,2021-09-29 11:07:04.04-04
893,zarude,8,,471,-1,3,0,0,120,0,0,0,1,893,2021-09-29 11:07:04.04-04,2021-09-29 11:07:04.04-04
894,regieleki,8,,472,-1,3,35,0,120,0,0,1,0,894,2021-09-29 11:07:04.04-04,2021-09-29 11:07:04.04-04
895,regidrago,8,,473,-1,3,35,0,120,0,0,1,0,895,2021-09-29 11:07:04.04-04,2021-09-29 11:07:04.04-04
896,glastrier,8,,474,-1,3,35,0,120,0,0,1,0,896,2021-09-29 11:07:04.04-04,2021-09-29 11:07:04.04-04
897,spectrier,8,,475,-1,3,35,0,120,0,0,1,0,897,2021-09-29 11:07:04.04-04,2021-09-29 11:07:04.04-04
898,calyrex,8,,476,-1,3,100,0,120,0,0,1,0,898,2021-09-29 11:07:04.04-04,2021-09-29 11:07:04.04-04